sys_RespNum,sys_StartTime,sys_EndTime,sys_ElapsedTime,sys_SumPageTimes,sys_StartTimeStamp,sys_EndTimeStamp,sys_DataSource,sys_RespStatus,sys_DispositionCode,sys_LastQuestion,sys_UserJavaScript,sys_UserAgent,sys_OperatingSystem,sys_Browser,sys_IPAddress,sys_ScreenWidth,sys_CAPIDeviceID,PatientID_patientID,PatientID_patientnumber,MXD_1_b,MXD_1_w,MXD_2_b,MXD_2_w,MXD_3_b,MXD_3_w,MXD_4_b,MXD_4_w,MXD_5_b,MXD_5_w,MXD_6_b,MXD_6_w,MXD_7_b,MXD_7_w,MXD_8_b,MXD_8_w,MXD_9_b,MXD_9_w,MXD_10_b,MXD_10_w,MXD_11_b,MXD_11_w,MXD_12_b,MXD_12_w,sys_MXDVersion_MXD,sys_MXDDesignID_MXD,sys_pagetime_1,sys_pagetime_2,sys_pagetime_3,sys_pagetime_4,sys_pagetime_5,sys_pagetime_6,sys_pagetime_7,sys_pagetime_8,sys_pagetime_9,sys_pagetime_10,sys_pagetime_11,sys_pagetime_12,sys_pagetime_13,sys_pagetime_14,sys_pagetime_15,sys_pagetime_16,sys_pagetime_17
10739,04 Jul 2018 - 04:08:20 EDT,04 Jul 2018 - 04:23:58 EDT,0h 15m 38s,0h 15m 36s,1530691700,1530692638,2,5,,Terminate,1,"Mozilla/5.0 (Windows NT 10.0; WOW64) AppleWebKit/537.36 (KHTML, like Gecko) Chrome/57.0.2987.133 Safari/537.36",Windows 10.0,Chrome 57.0.2987.133,127.0.0.1,1351,5d24abd8-2e75-45b2-9e2f-83642bde07b2,ngal,120,14,11,6,7,3,6,3,14,10,8,5,4,1,15,12,11,6,13,1,11,5,9,14,15,239,MXD1_1528457107_3,16,36,25,28,91,138,93,93,68,59,5,40,56,60,57,46,41
10740,05 Jul 2018 - 03:29:36 EDT,05 Jul 2018 - 03:44:21 EDT,0h 14m 45s,0h 14m 43s,1530775776,1530776661,2,5,,Terminate,1,"Mozilla/5.0 (Windows NT 10.0; WOW64) AppleWebKit/537.36 (KHTML, like Gecko) Chrome/57.0.2987.133 Safari/537.36",Windows 10.0,Chrome 57.0.2987.133,127.0.0.1,1351,5d24abd8-2e75-45b2-9e2f-83642bde07b2,sekk,121,5,15,1,12,6,13,5,9,3,12,2,12,1,16,1,15,3,15,2,10,3,9,9,10,240,MXD1_1528457107_3,13,34,25,27,252,68,82,57,26,31,4,67,38,31,31,36,74
10741,05 Jul 2018 - 03:59:15 EDT,05 Jul 2018 - 04:17:49 EDT,0h 18m 34s,0h 18m 34s,1530777555,1530778669,2,5,,Terminate,1,"Mozilla/5.0 (Windows NT 10.0; WOW64) AppleWebKit/537.36 (KHTML, like Gecko) Chrome/57.0.2987.133 Safari/537.36",Windows 10.0,Chrome 57.0.2987.133,127.0.0.1,1351,5d24abd8-2e75-45b2-9e2f-83642bde07b2,matk,122,15,8,9,4,3,10,3,11,1,12,9,12,6,4,8,7,9,12,3,4,1,7,14,10,241,MXD1_1528457107_3,14,38,24,28,119,201,109,35,75,131,5,67,40,96,53,41,52
10742,05 Jul 2018 - 04:30:51 EDT,05 Jul 2018 - 04:43:17 EDT,0h 12m 26s,0h 12m 26s,1530779451,1530780197,2,5,,Terminate,1,"Mozilla/5.0 (Windows NT 10.0; WOW64) AppleWebKit/537.36 (KHTML, like Gecko) Chrome/57.0.2987.133 Safari/537.36",Windows 10.0,Chrome 57.0.2987.133,127.0.0.1,1351,5d24abd8-2e75-45b2-9e2f-83642bde07b2,joho,123,8,4,16,7,1,4,2,5,2,4,10,11,12,5,9,8,10,7,10,9,6,11,2,9,242,MXD1_1528457107_3,10,42,21,29,51,85,35,60,84,51,8,54,51,40,58,41,36
10743,05 Jul 2018 - 04:56:05 EDT,05 Jul 2018 - 05:09:50 EDT,0h 13m 45s,0h 13m 42s,1530780965,1530781790,2,5,,Terminate,1,"Mozilla/5.0 (Windows NT 10.0; WOW64) AppleWebKit/537.36 (KHTML, like Gecko) Chrome/57.0.2987.133 Safari/537.36",Windows 10.0,Chrome 57.0.2987.133,127.0.0.1,1351,5d24abd8-2e75-45b2-9e2f-83642bde07b2,that,124,8,3,12,11,5,4,1,9,16,9,2,4,2,13,1,7,16,6,15,8,1,12,12,8,243,MXD1_1528457107_3,137,40,24,30,112,56,94,52,70,49,7,78,32,65,54,29,30
10744,05 Jul 2018 - 06:48:55 EDT,05 Jul 2018 - 06:54:53 EDT,0h 5m 58s,0h 6m 5s,1530787735,1530788093,2,5,,Terminate,1,"Mozilla/5.0 (Windows NT 10.0; WOW64) AppleWebKit/537.36 (KHTML, like Gecko) Chrome/57.0.2987.133 Safari/537.36",Windows 10.0,Chrome 57.0.2987.133,127.0.0.1,912,5d24abd8-2e75-45b2-9e2f-83642bde07b2,kagk,105,3,13,15,12,4,6,14,6,2,4,5,11,1,6,3,12,14,4,5,13,1,11,2,10,244,MXD1_1528457107_3,18,15,3,2,57,34,27,20,22,32,3,21,17,22,17,19,40
10745,09 Jul 2018 - 02:29:13 EDT,09 Jul 2018 - 02:57:26 EDT,0h 28m 13s,0h 28m 13s,1531117753,1531119446,2,5,,Terminate,1,"Mozilla/5.0 (Windows NT 10.0; WOW64) AppleWebKit/537.36 (KHTML, like Gecko) Chrome/57.0.2987.133 Safari/537.36",Windows 10.0,Chrome 57.0.2987.133,127.0.0.1,1351,5d24abd8-2e75-45b2-9e2f-83642bde07b2,gloo,307,3,13,1,11,10,15,1,4,16,13,1,6,3,9,6,12,10,6,16,7,11,4,3,10,245,MXD1_1528457107_3,31,451,46,27,164,129,104,139,87,64,45,63,141,41,32,125,35
10746,09 Jul 2018 - 02:59:53 EDT,09 Jul 2018 - 03:20:44 EDT,0h 20m 51s,0h 20m 50s,1531119593,1531120844,2,5,,Terminate,1,"Mozilla/5.0 (Windows NT 10.0; WOW64) AppleWebKit/537.36 (KHTML, like Gecko) Chrome/57.0.2987.133 Safari/537.36",Windows 10.0,Chrome 57.0.2987.133,127.0.0.1,1351,5d24abd8-2e75-45b2-9e2f-83642bde07b2,yetb,308,5,4,2,6,1,15,2,7,16,10,5,3,9,7,2,9,1,3,16,7,16,3,10,6,246,MXD1_1528457107_3,51,147,27,29,333,108,224,61,52,78,4,63,17,25,33,19,30
10747,09 Jul 2018 - 03:21:39 EDT,09 Jul 2018 - 03:38:49 EDT,0h 17m 10s,0h 17m 7s,1531120899,1531121929,2,5,,Terminate,1,"Mozilla/5.0 (Windows NT 10.0; WOW64) AppleWebKit/537.36 (KHTML, like Gecko) Chrome/57.0.2987.133 Safari/537.36",Windows 10.0,Chrome 57.0.2987.133,127.0.0.1,1351,5d24abd8-2e75-45b2-9e2f-83642bde07b2,neos,309,7,11,16,14,1,5,8,5,12,3,9,4,3,4,16,9,3,15,16,1,8,14,1,15,247,MXD1_1528457107_3,28,34,17,15,208,122,74,107,60,69,2,58,70,58,43,44,46
10748,09 Jul 2018 - 03:59:36 EDT,09 Jul 2018 - 04:16:19 EDT,0h 16m 43s,0h 16m 38s,1531123176,1531124179,2,5,,Terminate,1,"Mozilla/5.0 (Windows NT 10.0; WOW64) AppleWebKit/537.36 (KHTML, like Gecko) Chrome/57.0.2987.133 Safari/537.36",Windows 10.0,Chrome 57.0.2987.133,127.0.0.1,1351,5d24abd8-2e75-45b2-9e2f-83642bde07b2,pelt,310,15,6,14,15,1,7,7,12,1,12,3,4,3,16,15,4,3,7,14,12,6,2,1,14,248,MXD1_1528457107_3,53,95,43,32,295,43,50,69,20,51,9,61,21,63,32,46,68
10749,09 Jul 2018 - 04:56:34 EDT,09 Jul 2018 - 05:12:17 EDT,0h 15m 43s,0h 15m 43s,1531126594,1531127537,2,5,,Terminate,1,"Mozilla/5.0 (Windows NT 10.0; WOW64) AppleWebKit/537.36 (KHTML, like Gecko) Chrome/57.0.2987.133 Safari/537.36",Windows 10.0,Chrome 57.0.2987.133,127.0.0.1,1351,5d24abd8-2e75-45b2-9e2f-83642bde07b2,motr,311,3,12,16,12,3,10,1,11,7,13,9,10,16,11,3,6,4,13,16,5,6,11,7,9,249,MXD1_1528457107_3,20,41,20,29,81,142,64,54,116,92,43,29,38,43,43,69,39
10750,09 Jul 2018 - 05:15:54 EDT,09 Jul 2018 - 05:32:16 EDT,0h 16m 22s,0h 16m 20s,1531127754,1531128736,2,5,,Terminate,1,"Mozilla/5.0 (Windows NT 10.0; WOW64) AppleWebKit/537.36 (KHTML, like Gecko) Chrome/57.0.2987.133 Safari/537.36",Windows 10.0,Chrome 57.0.2987.133,127.0.0.1,1351,5d24abd8-2e75-45b2-9e2f-83642bde07b2,simo,312,5,13,12,8,1,10,9,4,5,11,15,4,1,15,1,7,3,15,12,2,5,13,12,13,250,MXD1_1528457107_3,49,67,24,27,162,67,46,111,45,99,4,40,56,58,67,30,77
10751,10 Jul 2018 - 03:24:16 EDT,10 Jul 2018 - 03:30:43 EDT,0h 6m 27s,0h 6m 26s,1531207456,1531207843,2,2,,Progress1,1,"Mozilla/5.0 (Windows NT 10.0; WOW64) AppleWebKit/537.36 (KHTML, like Gecko) Chrome/57.0.2987.133 Safari/537.36",Windows 10.0,Chrome 57.0.2987.133,127.0.0.1,1351,5d24abd8-2e75-45b2-9e2f-83642bde07b2,masn,101,7,12,1,9,6,16,2,13,10,14,1,13,,,,,,,,,,,,,251,MXD1_1528457107_3,18,13,1,1,104,71,61,41,56,38,,,,,,,
10752,10 Jul 2018 - 03:34:37 EDT,10 Jul 2018 - 03:40:47 EDT,0h 6m 10s,0h 6m 8s,1531208077,1531208447,2,5,,Terminate,1,"Mozilla/5.0 (Windows NT 10.0; WOW64) AppleWebKit/537.36 (KHTML, like Gecko) Chrome/57.0.2987.133 Safari/537.36",Windows 10.0,Chrome 57.0.2987.133,127.0.0.1,912,5d24abd8-2e75-45b2-9e2f-83642bde07b2,masn,101,10,9,7,11,2,10,6,1,1,14,7,4,6,2,16,7,1,14,11,5,13,6,15,13,252,MXD1_1528457107_3,17,4,2,1,53,25,32,21,37,27,4,29,20,16,38,25,34
10753,10 Jul 2018 - 04:07:10 EDT,10 Jul 2018 - 04:26:39 EDT,0h 19m 29s,0h 23m 6s,1531210030,1531211199,2,5,,Terminate,1,"Mozilla/5.0 (Windows NT 10.0; WOW64) AppleWebKit/537.36 (KHTML, like Gecko) Chrome/57.0.2987.133 Safari/537.36",Windows 10.0,Chrome 57.0.2987.133,127.0.0.1,1351,5d24abd8-2e75-45b2-9e2f-83642bde07b2,ramk,128,16,4,14,10,2,12,3,9,6,9,3,5,7,8,4,12,16,11,16,5,1,10,4,9,253,MXD1_1528457107_3,31,322,23,27,140,94,97,32,46,50,2,42,60,36,52,30,113
10754,11 Jul 2018 - 03:10:38 EDT,11 Jul 2018 - 03:29:29 EDT,0h 18m 51s,0h 18m 49s,1531293038,1531294169,2,5,,Terminate,1,"Mozilla/5.0 (Windows NT 10.0; WOW64) AppleWebKit/537.36 (KHTML, like Gecko) Chrome/57.0.2987.133 Safari/537.36",Windows 10.0,Chrome 57.0.2987.133,127.0.0.1,1351,5d24abd8-2e75-45b2-9e2f-83642bde07b2,sern,130,16,13,2,8,9,5,16,3,8,3,16,1,14,9,12,11,10,2,14,2,4,11,14,11,254,MXD1_1528457107_3,905,78,24,32,86,52,140,53,109,154,1,172,108,28,38,31,23
10755,11 Jul 2018 - 03:37:28 EDT,11 Jul 2018 - 03:47:37 EDT,0h 10m 9s,0h 10m 6s,1531294648,1531295257,2,5,,Terminate,1,"Mozilla/5.0 (Windows NT 10.0; WOW64) AppleWebKit/537.36 (KHTML, like Gecko) Chrome/57.0.2987.133 Safari/537.36",Windows 10.0,Chrome 57.0.2987.133,127.0.0.1,1351,5d24abd8-2e75-45b2-9e2f-83642bde07b2,phea,131,5,8,5,16,12,11,9,6,14,13,7,4,2,16,2,4,5,15,10,16,2,8,12,8,255,MXD1_1528457107_3,48,52,24,29,97,62,37,40,48,25,7,31,34,50,23,27,20
10756,11 Jul 2018 - 03:51:40 EDT,11 Jul 2018 - 03:58:36 EDT,0h 6m 56s,0h 6m 54s,1531295500,1531295916,2,2,,Progress1,1,"Mozilla/5.0 (Windows NT 10.0; WOW64) AppleWebKit/537.36 (KHTML, like Gecko) Chrome/57.0.2987.133 Safari/537.36",Windows 10.0,Chrome 57.0.2987.133,127.0.0.1,1351,5d24abd8-2e75-45b2-9e2f-83642bde07b2,kwan,132,3,15,1,10,7,10,3,7,13,11,2,12,,,,,,,,,,,,,256,MXD1_1528457107_3,35,59,25,30,86,54,39,38,44,39,,,,,,,
10757,11 Jul 2018 - 03:59:54 EDT,11 Jul 2018 - 04:08:08 EDT,0h 8m 14s,0h 8m 9s,1531295994,1531296488,2,5,,Terminate,1,"Mozilla/5.0 (Windows NT 10.0; WOW64) AppleWebKit/537.36 (KHTML, like Gecko) Chrome/57.0.2987.133 Safari/537.36",Windows 10.0,Chrome 57.0.2987.133,127.0.0.1,1351,5d24abd8-2e75-45b2-9e2f-83642bde07b2,kwan,132,9,7,16,10,11,10,3,2,5,11,13,15,1,14,1,3,10,2,16,7,7,5,3,12,257,MXD1_1528457107_3,19,2,1,1,45,41,36,42,37,38,2,41,45,47,28,39,44
10758,11 Jul 2018 - 04:21:21 EDT,11 Jul 2018 - 04:34:14 EDT,0h 12m 53s,0h 12m 50s,1531297281,1531298054,2,5,,Terminate,1,"Mozilla/5.0 (Windows NT 10.0; WOW64) AppleWebKit/537.36 (KHTML, like Gecko) Chrome/57.0.2987.133 Safari/537.36",Windows 10.0,Chrome 57.0.2987.133,127.0.0.1,1351,5d24abd8-2e75-45b2-9e2f-83642bde07b2,barr,133,3,12,3,10,14,4,2,4,2,12,5,13,15,12,3,4,1,14,1,10,10,14,5,15,258,MXD1_1528457107_3,18,37,24,27,116,69,103,52,34,48,4,77,20,36,37,36,50
10759,12 Jul 2018 - 02:51:51 EDT,12 Jul 2018 - 03:01:24 EDT,0h 9m 33s,0h 9m 31s,1531378311,1531378884,2,5,,Terminate,1,"Mozilla/5.0 (Windows NT 10.0; WOW64) AppleWebKit/537.36 (KHTML, like Gecko) Chrome/57.0.2987.133 Safari/537.36",Windows 10.0,Chrome 57.0.2987.133,127.0.0.1,1351,5d24abd8-2e75-45b2-9e2f-83642bde07b2,galk,114,1,6,12,11,14,7,2,9,1,4,2,7,10,6,16,9,2,13,3,8,16,4,16,11,259,MXD1_1528457107_3,15,42,22,22,62,50,40,41,31,52,7,44,24,42,60,12,20
10760,18 Jul 2018 - 03:23:16 EDT,18 Jul 2018 - 03:36:53 EDT,0h 13m 37s,0h 13m 36s,1531898596,1531899413,2,5,,Terminate,1,"Mozilla/5.0 (Windows NT 10.0; WOW64) AppleWebKit/537.36 (KHTML, like Gecko) Chrome/57.0.2987.133 Safari/537.36",Windows 10.0,Chrome 57.0.2987.133,127.0.0.1,1351,5d24abd8-2e75-45b2-9e2f-83642bde07b2,abis,137,10,13,1,5,15,12,14,3,16,3,7,11,15,16,7,9,12,14,7,14,16,12,3,15,260,MXD1_1528457107_3,213,251,4,4,143,111,44,37,32,21,13,29,28,27,30,17,25
10761,18 Jul 2018 - 03:49:09 EDT,18 Jul 2018 - 04:00:56 EDT,0h 11m 47s,0h 11m 45s,1531900149,1531900856,2,5,,Terminate,1,"Mozilla/5.0 (Windows NT 10.0; WOW64) AppleWebKit/537.36 (KHTML, like Gecko) Chrome/57.0.2987.133 Safari/537.36",Windows 10.0,Chrome 57.0.2987.133,127.0.0.1,1351,5d24abd8-2e75-45b2-9e2f-83642bde07b2,tshg,138,16,11,2,6,9,4,2,15,12,3,14,11,5,9,7,4,7,5,16,10,12,16,2,12,261,MXD1_1528457107_3,592,20,1,5,129,67,89,39,54,32,8,60,57,33,45,31,35
10762,18 Jul 2018 - 04:45:05 EDT,18 Jul 2018 - 04:57:34 EDT,0h 12m 29s,0h 12m 28s,1531903505,1531904254,2,5,,Terminate,1,"Mozilla/5.0 (Windows NT 10.0; WOW64) AppleWebKit/537.36 (KHTML, like Gecko) Chrome/57.0.2987.133 Safari/537.36",Windows 10.0,Chrome 57.0.2987.133,127.0.0.1,1351,5d24abd8-2e75-45b2-9e2f-83642bde07b2,sadm,106,7,1,1,14,12,14,1,7,12,7,11,5,15,13,3,16,3,15,12,9,14,13,3,11,262,MXD1_1528457107_3,14,3,2,2,56,64,78,81,60,50,24,67,59,50,50,45,57
10763,18 Jul 2018 - 05:20:46 EDT,18 Jul 2018 - 05:32:59 EDT,0h 12m 13s,0h 12m 11s,1531905646,1531906379,2,5,,Terminate,1,"Mozilla/5.0 (Windows NT 10.0; WOW64) AppleWebKit/537.36 (KHTML, like Gecko) Chrome/57.0.2987.133 Safari/537.36",Windows 10.0,Chrome 57.0.2987.133,127.0.0.1,1351,5d24abd8-2e75-45b2-9e2f-83642bde07b2,keom,139,16,10,7,8,13,9,12,9,5,4,12,8,12,4,1,6,3,4,5,6,15,6,5,7,263,MXD1_1528457107_3,23,2,2,2,160,120,38,81,39,41,3,36,41,29,53,40,44
10764,19 Jul 2018 - 03:14:04 EDT,19 Jul 2018 - 03:21:07 EDT,0h 7m 3s,0h 6m 58s,1531984444,1531984867,2,5,,Terminate,1,"Mozilla/5.0 (Windows NT 10.0; WOW64) AppleWebKit/537.36 (KHTML, like Gecko) Chrome/57.0.2987.133 Safari/537.36",Windows 10.0,Chrome 57.0.2987.133,127.0.0.1,1351,5d24abd8-2e75-45b2-9e2f-83642bde07b2,phed,306,10,14,16,7,5,15,12,10,9,6,1,3,16,1,3,8,1,13,16,11,2,11,3,9,264,MXD1_1528457107_3,16,14,1,1,93,40,54,35,32,30,4,15,14,31,16,25,13
10765,19 Jul 2018 - 04:14:28 EDT,19 Jul 2018 - 04:32:36 EDT,0h 18m 8s,0h 18m 2s,1531988068,1531989156,2,5,,Terminate,1,"Mozilla/5.0 (Windows NT 10.0; WOW64) AppleWebKit/537.36 (KHTML, like Gecko) Chrome/57.0.2987.133 Safari/537.36",Windows 10.0,Chrome 57.0.2987.133,127.0.0.1,1351,5d24abd8-2e75-45b2-9e2f-83642bde07b2,sisb,303,14,6,7,6,15,11,16,2,7,9,16,6,12,9,15,11,14,5,14,10,15,10,12,5,265,MXD1_1528457107_3,20,5,1,2,109,67,59,124,188,44,5,65,61,84,96,63,109
10766,24 Jul 2018 - 03:02:32 EDT,24 Jul 2018 - 03:09:18 EDT,0h 6m 46s,0h 6m 45s,1532415752,1532416158,2,5,,Terminate,1,"Mozilla/5.0 (Windows NT 10.0; WOW64) AppleWebKit/537.36 (KHTML, like Gecko) Chrome/57.0.2987.133 Safari/537.36",Windows 10.0,Chrome 57.0.2987.133,127.0.0.1,1351,5d24abd8-2e75-45b2-9e2f-83642bde07b2,kesb,125,4,14,16,11,12,8,2,13,6,14,3,8,4,10,2,15,16,10,6,13,2,10,12,11,266,MXD1_1528457107_3,37,2,1,1,55,30,22,35,35,43,3,35,25,56,14,21,27
10767,24 Jul 2018 - 03:37:29 EDT,24 Jul 2018 - 03:44:03 EDT,0h 6m 34s,0h 6m 32s,1532417849,1532418243,2,5,,Terminate,1,"Mozilla/5.0 (Windows NT 10.0; WOW64) AppleWebKit/537.36 (KHTML, like Gecko) Chrome/57.0.2987.133 Safari/537.36",Windows 10.0,Chrome 57.0.2987.133,127.0.0.1,1351,5d24abd8-2e75-45b2-9e2f-83642bde07b2,kets,121,14,10,3,4,2,11,1,12,15,5,5,13,1,9,12,14,3,5,4,11,2,4,12,15,267,MXD1_1528457107_3,24,2,1,3,78,22,20,19,25,63,19,22,14,21,44,22,17
10768,24 Jul 2018 - 03:56:27 EDT,24 Jul 2018 - 04:08:46 EDT,0h 12m 19s,0h 22m 9s,1532418987,1532419726,2,5,,Terminate,1,"Mozilla/5.0 (Windows NT 10.0; WOW64) AppleWebKit/537.36 (KHTML, like Gecko) Chrome/57.0.2987.133 Safari/537.36",Windows 10.0,Chrome 57.0.2987.133,127.0.0.1,1351,5d24abd8-2e75-45b2-9e2f-83642bde07b2,gabn,142,5,1,12,10,7,1,15,3,11,3,2,11,14,7,5,9,15,14,11,7,16,2,14,15,268,MXD1_1528457107_3,26,43,23,162,163,53,28,35,30,25,16,24,38,31,13,22,25
10769,24 Jul 2018 - 04:34:50 EDT,24 Jul 2018 - 04:42:33 EDT,0h 7m 43s,0h 7m 40s,1532421290,1532421753,2,5,,Terminate,1,"Mozilla/5.0 (Windows NT 10.0; WOW64) AppleWebKit/537.36 (KHTML, like Gecko) Chrome/57.0.2987.133 Safari/537.36",Windows 10.0,Chrome 57.0.2987.133,127.0.0.1,1351,5d24abd8-2e75-45b2-9e2f-83642bde07b2,ivyt,143,11,4,1,9,7,16,11,13,7,12,15,2,2,15,1,11,3,8,14,13,14,12,7,16,269,MXD1_1528457107_3,54,2,3,2,102,49,18,33,25,56,5,35,22,34,18,38,18
10770,25 Jul 2018 - 02:24:23 EDT,25 Jul 2018 - 02:37:09 EDT,0h 12m 46s,0h 12m 44s,1532499863,1532500629,2,5,,Terminate,1,"Mozilla/5.0 (Windows NT 10.0; WOW64) AppleWebKit/537.36 (KHTML, like Gecko) Chrome/57.0.2987.133 Safari/537.36",Windows 10.0,Chrome 57.0.2987.133,127.0.0.1,1351,5d24abd8-2e75-45b2-9e2f-83642bde07b2,nteb,313,6,8,9,7,5,8,12,11,15,7,5,11,12,16,10,4,12,8,9,3,10,16,15,11,270,MXD1_1528457107_3,19,44,26,32,129,47,84,44,34,65,2,64,45,20,52,28,48
10771,26 Jul 2018 - 02:48:36 EDT,26 Jul 2018 - 03:07:04 EDT,0h 18m 28s,0h 18m 25s,1532587716,1532588824,2,5,,Terminate,1,"Mozilla/5.0 (Windows NT 10.0; WOW64) AppleWebKit/537.36 (KHTML, like Gecko) Chrome/57.0.2987.133 Safari/537.36",Windows 10.0,Chrome 57.0.2987.133,127.0.0.1,1351,5d24abd8-2e75-45b2-9e2f-83642bde07b2,baml,315,16,3,1,3,5,6,7,4,7,2,16,7,16,1,9,6,1,12,12,9,12,5,3,4,271,MXD1_1528457107_3,33,61,37,44,121,259,109,61,71,30,31,57,72,49,33,35,35
10772,26 Jul 2018 - 03:11:44 EDT,26 Jul 2018 - 03:23:39 EDT,0h 11m 55s,0h 11m 51s,1532589104,1532589819,2,5,,Terminate,1,"Mozilla/5.0 (Windows NT 10.0; WOW64) AppleWebKit/537.36 (KHTML, like Gecko) Chrome/57.0.2987.133 Safari/537.36",Windows 10.0,Chrome 57.0.2987.133,127.0.0.1,1351,5d24abd8-2e75-45b2-9e2f-83642bde07b2,gaeg,316,5,3,1,3,10,5,11,6,2,10,2,9,7,12,11,1,9,11,3,12,5,16,2,13,272,MXD1_1528457107_3,63,100,24,28,77,64,100,55,47,39,23,29,25,24,35,20,21
10773,26 Jul 2018 - 04:03:20 EDT,26 Jul 2018 - 04:26:15 EDT,0h 22m 55s,0h 22m 47s,1532592200,1532593575,2,5,,Terminate,1,"Mozilla/5.0 (Windows NT 10.0; WOW64) AppleWebKit/537.36 (KHTML, like Gecko) Chrome/57.0.2987.133 Safari/537.36",Windows 10.0,Chrome 57.0.2987.133,127.0.0.1,1351,5d24abd8-2e75-45b2-9e2f-83642bde07b2,balk,317,2,15,9,7,12,5,12,2,5,9,7,1,1,3,2,9,15,16,12,16,15,14,5,16,273,MXD1_1528457107_3,31,184,26,1,223,209,86,110,50,176,10,75,33,56,53,31,44
10774,26 Jul 2018 - 04:42:53 EDT,26 Jul 2018 - 05:02:38 EDT,0h 19m 45s,0h 19m 44s,1532594573,1532595758,2,5,,Terminate,1,"Mozilla/5.0 (Windows NT 10.0; WOW64) AppleWebKit/537.36 (KHTML, like Gecko) Chrome/57.0.2987.133 Safari/537.36",Windows 10.0,Chrome 57.0.2987.133,127.0.0.1,1351,5d24abd8-2e75-45b2-9e2f-83642bde07b2,mphb,318,15,11,12,7,12,8,3,5,3,14,1,13,16,14,5,4,16,13,14,11,12,7,5,11,274,MXD1_1528457107_3,29,80,4,5,169,123,180,105,103,49,2,103,58,27,47,48,81
10775,30 Jul 2018 - 02:10:21 EDT,30 Jul 2018 - 02:19:39 EDT,0h 9m 18s,0h 9m 49s,1532931021,1532931579,2,5,,Terminate,1,"Mozilla/5.0 (Windows NT 10.0; WOW64) AppleWebKit/537.36 (KHTML, like Gecko) Chrome/57.0.2987.133 Safari/537.36",Windows 10.0,Chrome 57.0.2987.133,127.0.0.1,1351,5d24abd8-2e75-45b2-9e2f-83642bde07b2,mocg,144,12,11,3,11,8,4,3,6,15,7,5,2,14,6,16,13,12,4,3,10,5,13,15,4,275,MXD1_1528457107_3,12,37,22,35,96,27,33,32,67,34,6,27,29,21,26,36,27
10776,30 Jul 2018 - 02:36:26 EDT,30 Jul 2018 - 02:47:38 EDT,0h 11m 12s,0h 11m 24s,1532932586,1532933258,2,5,,Terminate,1,"Mozilla/5.0 (Windows NT 10.0; WOW64) AppleWebKit/537.36 (KHTML, like Gecko) Chrome/57.0.2987.133 Safari/537.36",Windows 10.0,Chrome 57.0.2987.133,127.0.0.1,1351,5d24abd8-2e75-45b2-9e2f-83642bde07b2,seat,145,3,4,2,12,16,9,1,12,11,9,1,12,2,11,7,11,1,9,7,10,16,10,10,4,276,MXD1_1528457107_3,14,38,18,21,113,79,150,31,31,18,6,21,16,28,26,21,49
10777,30 Jul 2018 - 02:52:45 EDT,30 Jul 2018 - 03:11:11 EDT,0h 18m 26s,0h 18m 20s,1532933565,1532934671,2,5,,Terminate,1,"Mozilla/5.0 (Windows NT 10.0; WOW64) AppleWebKit/537.36 (KHTML, like Gecko) Chrome/57.0.2987.133 Safari/537.36",Windows 10.0,Chrome 57.0.2987.133,127.0.0.1,1351,5d24abd8-2e75-45b2-9e2f-83642bde07b2,kgat,146,7,11,10,11,1,13,16,14,10,6,16,2,14,15,7,2,9,10,5,13,12,9,1,11,277,MXD1_1528457107_3,269,66,33,41,194,133,118,100,42,100,3,84,70,53,25,17,21
10778,30 Jul 2018 - 03:19:35 EDT,30 Jul 2018 - 03:32:49 EDT,0h 13m 14s,0h 13m 12s,1532935175,1532935969,2,5,,Terminate,1,"Mozilla/5.0 (Windows NT 10.0; WOW64) AppleWebKit/537.36 (KHTML, like Gecko) Chrome/57.0.2987.133 Safari/537.36",Windows 10.0,Chrome 57.0.2987.133,127.0.0.1,1351,5d24abd8-2e75-45b2-9e2f-83642bde07b2,sebg,147,12,3,3,1,12,13,12,6,13,14,5,2,2,10,10,14,9,11,11,15,9,15,9,14,278,MXD1_1528457107_3,402,66,32,32,155,70,59,34,67,47,7,22,29,61,35,34,42
10779,30 Jul 2018 - 04:11:10 EDT,30 Jul 2018 - 04:21:22 EDT,0h 10m 12s,0h 10m 6s,1532938270,1532938882,2,5,,Terminate,1,"Mozilla/5.0 (Windows NT 10.0; WOW64) AppleWebKit/537.36 (KHTML, like Gecko) Chrome/57.0.2987.133 Safari/537.36",Windows 10.0,Chrome 57.0.2987.133,127.0.0.1,1351,5d24abd8-2e75-45b2-9e2f-83642bde07b2,matk,148,5,4,1,8,1,2,15,6,7,8,9,6,7,3,10,4,5,16,3,2,1,14,12,2,279,MXD1_1528457107_3,508,43,22,23,122,83,39,46,29,29,5,34,16,28,22,33,32
10780,30 Jul 2018 - 04:41:19 EDT,30 Jul 2018 - 04:54:53 EDT,0h 13m 34s,0h 13m 31s,1532940079,1532940893,2,5,,Terminate,1,"Mozilla/5.0 (Windows NT 10.0; WOW64) AppleWebKit/537.36 (KHTML, like Gecko) Chrome/57.0.2987.133 Safari/537.36",Windows 10.0,Chrome 57.0.2987.133,127.0.0.1,1351,5d24abd8-2e75-45b2-9e2f-83642bde07b2,dubn,150,1,15,1,10,6,7,15,16,14,4,11,14,5,12,3,11,2,3,16,4,1,3,4,2,280,MXD1_1528457107_3,1171,36,19,23,106,90,79,90,59,40,3,55,29,38,85,21,38
10781,30 Jul 2018 - 05:03:27 EDT,30 Jul 2018 - 05:15:00 EDT,0h 11m 33s,0h 12m 5s,1532941407,1532942100,2,5,,Terminate,1,"Mozilla/5.0 (Windows NT 10.0; WOW64) AppleWebKit/537.36 (KHTML, like Gecko) Chrome/57.0.2987.133 Safari/537.36",Windows 10.0,Chrome 57.0.2987.133,127.0.0.1,1351,5d24abd8-2e75-45b2-9e2f-83642bde07b2,sedk,152,12,5,6,13,16,4,16,5,12,13,9,8,1,5,16,10,6,13,11,10,6,2,14,4,281,MXD1_1528457107_3,19,58,21,49,95,37,36,28,37,34,15,70,88,20,33,39,33
10782,31 Jul 2018 - 02:17:42 EDT,31 Jul 2018 - 02:29:27 EDT,0h 11m 45s,0h 11m 43s,1533017862,1533018567,2,2,,MXD_5,1,"Mozilla/5.0 (Windows NT 10.0; WOW64) AppleWebKit/537.36 (KHTML, like Gecko) Chrome/57.0.2987.133 Safari/537.36",Windows 10.0,Chrome 57.0.2987.133,127.0.0.1,1351,5d24abd8-2e75-45b2-9e2f-83642bde07b2,masb,153,16,9,1,10,7,4,3,11,,,,,,,,,,,,,,,,,282,MXD1_1528457107_3,13,55,26,27,103,213,222,57,,,,,,,,,
10783,31 Jul 2018 - 02:31:41 EDT,31 Jul 2018 - 02:48:09 EDT,0h 16m 28s,0h 16m 28s,1533018701,1533019689,2,5,,Terminate,1,"Mozilla/5.0 (Windows NT 10.0; WOW64) AppleWebKit/537.36 (KHTML, like Gecko) Chrome/57.0.2987.133 Safari/537.36",Windows 10.0,Chrome 57.0.2987.133,127.0.0.1,1351,5d24abd8-2e75-45b2-9e2f-83642bde07b2,masb,154,1,8,16,6,5,11,10,3,16,3,1,7,4,5,1,13,7,13,5,3,11,13,16,12,283,MXD1_1528457107_3,10,1,2,1,86,89,70,80,58,116,2,140,87,55,39,54,108
10784,31 Jul 2018 - 03:00:27 EDT,31 Jul 2018 - 03:10:02 EDT,0h 9m 35s,0h 9m 32s,1533020427,1533021002,2,5,,Terminate,1,"Mozilla/5.0 (Windows NT 10.0; WOW64) AppleWebKit/537.36 (KHTML, like Gecko) Chrome/57.0.2987.133 Safari/537.36",Windows 10.0,Chrome 57.0.2987.133,127.0.0.1,1351,5d24abd8-2e75-45b2-9e2f-83642bde07b2,pulm,156,1,6,7,16,5,9,11,14,5,8,3,4,7,4,11,6,5,2,10,16,3,8,14,6,284,MXD1_1528457107_3,51,40,21,23,99,51,45,39,26,30,7,22,23,33,42,35,36
10785,31 Jul 2018 - 03:38:55 EDT,31 Jul 2018 - 03:46:36 EDT,0h 7m 41s,0h 7m 37s,1533022735,1533023196,2,5,,Terminate,1,"Mozilla/5.0 (Windows NT 10.0; WOW64) AppleWebKit/537.36 (KHTML, like Gecko) Chrome/57.0.2987.133 Safari/537.36",Windows 10.0,Chrome 57.0.2987.133,127.0.0.1,1351,5d24abd8-2e75-45b2-9e2f-83642bde07b2,teng,157,14,8,3,6,1,4,5,4,1,2,3,13,7,5,1,10,13,2,11,6,12,6,3,8,285,MXD1_1528457107_3,60,24,13,15,52,28,24,34,23,21,13,35,27,35,40,23,50
10786,31 Jul 2018 - 04:49:23 EDT,31 Jul 2018 - 05:05:46 EDT,0h 16m 23s,0h 16m 21s,1533026963,1533027946,2,5,,Terminate,1,"Mozilla/5.0 (Windows NT 10.0; WOW64) AppleWebKit/537.36 (KHTML, like Gecko) Chrome/57.0.2987.133 Safari/537.36",Windows 10.0,Chrome 57.0.2987.133,127.0.0.1,1351,5d24abd8-2e75-45b2-9e2f-83642bde07b2,kefr,158,10,4,3,6,14,5,5,4,1,2,16,2,7,9,14,2,7,9,7,4,15,10,3,11,286,MXD1_1528457107_3,15,43,24,28,132,70,151,58,101,69,2,48,55,30,21,42,107
10787,31 Jul 2018 - 05:18:54 EDT,31 Jul 2018 - 05:46:04 EDT,0h 27m 10s,0h 27m 7s,1533028734,1533030364,2,5,,Terminate,1,"Mozilla/5.0 (Windows NT 10.0; WOW64) AppleWebKit/537.36 (KHTML, like Gecko) Chrome/57.0.2987.133 Safari/537.36",Windows 10.0,Chrome 57.0.2987.133,127.0.0.1,1351,5d24abd8-2e75-45b2-9e2f-83642bde07b2,maso,159,1,10,10,5,3,2,1,5,5,15,11,7,13,14,6,4,6,15,1,13,6,2,3,2,287,MXD1_1528457107_3,46,40,24,30,194,158,155,422,100,121,6,87,64,51,111,26,38
10788,01 Aug 2018 - 03:05:17 EDT,01 Aug 2018 - 03:19:59 EDT,0h 14m 42s,0h 14m 41s,1533107117,1533107999,2,5,,Terminate,1,"Mozilla/5.0 (Windows NT 10.0; WOW64) AppleWebKit/537.36 (KHTML, like Gecko) Chrome/57.0.2987.133 Safari/537.36",Windows 10.0,Chrome 57.0.2987.133,127.0.0.1,1351,5d24abd8-2e75-45b2-9e2f-83642bde07b2,kagn,319,1,6,2,4,1,11,14,9,3,11,10,15,1,14,15,2,5,6,3,12,14,4,3,10,288,MXD1_1528457107_3,19,47,22,28,129,119,29,127,38,47,14,25,73,85,45,18,35
10789,01 Aug 2018 - 04:09:21 EDT,01 Aug 2018 - 04:25:33 EDT,0h 16m 12s,0h 16m 11s,1533110961,1533111933,2,5,,Terminate,1,"Mozilla/5.0 (Windows NT 10.0; WOW64) AppleWebKit/537.36 (KHTML, like Gecko) Chrome/57.0.2987.133 Safari/537.36",Windows 10.0,Chrome 57.0.2987.133,127.0.0.1,1351,5d24abd8-2e75-45b2-9e2f-83642bde07b2,mogm,320,5,2,16,9,16,7,10,12,9,10,1,3,7,5,2,16,12,14,4,14,10,14,12,6,289,MXD1_1528457107_3,23,78,41,55,174,95,57,90,69,36,13,47,32,48,42,38,56
10790,01 Aug 2018 - 05:05:23 EDT,01 Aug 2018 - 05:21:31 EDT,0h 16m 8s,0h 15m 57s,1533114323,1533115291,2,5,,Terminate,1,"Mozilla/5.0 (Windows NT 10.0; WOW64) AppleWebKit/537.36 (KHTML, like Gecko) Chrome/57.0.2987.133 Safari/537.36",Windows 10.0,Chrome 57.0.2987.133,127.0.0.1,1351,5d24abd8-2e75-45b2-9e2f-83642bde07b2,moke,321,1,6,3,6,16,5,3,7,16,2,16,5,2,7,7,5,2,9,9,1,9,13,12,13,290,MXD1_1528457107_3,39,60,37,50,153,82,166,60,73,67,3,22,51,28,31,49,25
10791,01 Aug 2018 - 05:35:07 EDT,01 Aug 2018 - 05:49:09 EDT,0h 14m 2s,0h 14m 0s,1533116107,1533116949,2,5,,Terminate,1,"Mozilla/5.0 (Windows NT 10.0; WOW64) AppleWebKit/537.36 (KHTML, like Gecko) Chrome/57.0.2987.133 Safari/537.36",Windows 10.0,Chrome 57.0.2987.133,127.0.0.1,1351,5d24abd8-2e75-45b2-9e2f-83642bde07b2,puog,322,12,13,1,11,3,1,3,10,14,11,2,5,15,7,1,7,2,14,7,10,16,9,15,16,291,MXD1_1528457107_3,24,94,58,51,133,43,28,39,32,25,5,30,32,91,49,44,86
10792,01 Aug 2018 - 06:10:37 EDT,01 Aug 2018 - 06:19:41 EDT,0h 9m 4s,0h 9m 48s,1533118237,1533118781,2,5,,Terminate,1,"Mozilla/5.0 (Windows NT 10.0; WOW64) AppleWebKit/537.36 (KHTML, like Gecko) Chrome/57.0.2987.133 Safari/537.36",Windows 10.0,Chrome 57.0.2987.133,127.0.0.1,1351,5d24abd8-2e75-45b2-9e2f-83642bde07b2,kedl,323,1,13,2,12,10,4,15,7,3,11,6,2,5,3,5,11,14,7,10,7,6,4,14,11,292,MXD1_1528457107_3,50,34,14,17,89,56,43,45,14,32,3,85,13,28,23,19,26
10793,01 Aug 2018 - 06:28:22 EDT,01 Aug 2018 - 06:39:57 EDT,0h 11m 35s,0h 11m 35s,1533119302,1533119997,2,5,,Terminate,1,"Mozilla/5.0 (Windows NT 10.0; WOW64) AppleWebKit/537.36 (KHTML, like Gecko) Chrome/57.0.2987.133 Safari/537.36",Windows 10.0,Chrome 57.0.2987.133,127.0.0.1,1351,5d24abd8-2e75-45b2-9e2f-83642bde07b2,mosm,324,12,9,12,3,5,7,3,1,12,5,3,11,1,7,1,14,9,4,10,11,14,11,9,2,293,MXD1_1528457107_3,25,56,30,34,130,47,61,33,75,28,11,27,37,29,26,34,37
10794,02 Aug 2018 - 02:11:47 EDT,02 Aug 2018 - 02:27:30 EDT,0h 15m 43s,0h 15m 39s,1533190307,1533191250,2,5,,Terminate,1,"Mozilla/5.0 (Windows NT 10.0; WOW64) AppleWebKit/537.36 (KHTML, like Gecko) Chrome/57.0.2987.133 Safari/537.36",Windows 10.0,Chrome 57.0.2987.133,127.0.0.1,1351,5d24abd8-2e75-45b2-9e2f-83642bde07b2,mott,325,14,4,11,6,1,7,2,9,16,12,12,14,15,8,11,13,16,8,2,4,11,13,15,6,294,MXD1_1528457107_3,43,2,1,2,192,88,42,83,118,33,2,146,82,55,41,27,25
10795,02 Aug 2018 - 02:30:48 EDT,02 Aug 2018 - 02:41:32 EDT,0h 10m 44s,0h 11m 15s,1533191448,1533192092,2,5,,Terminate,1,"Mozilla/5.0 (Windows NT 10.0; WOW64) AppleWebKit/537.36 (KHTML, like Gecko) Chrome/57.0.2987.133 Safari/537.36",Windows 10.0,Chrome 57.0.2987.133,127.0.0.1,1351,5d24abd8-2e75-45b2-9e2f-83642bde07b2,bany,308,3,2,1,4,9,6,3,16,9,10,2,7,7,10,7,3,6,11,10,16,2,9,5,1,295,MXD1_1528457107_3,35,2,1,2,81,89,46,37,53,36,6,25,38,34,51,65,73
10796,02 Aug 2018 - 02:49:51 EDT,02 Aug 2018 - 02:59:18 EDT,0h 9m 27s,0h 9m 25s,1533192591,1533193158,2,5,,Terminate,1,"Mozilla/5.0 (Windows NT 10.0; WOW64) AppleWebKit/537.36 (KHTML, like Gecko) Chrome/57.0.2987.133 Safari/537.36",Windows 10.0,Chrome 57.0.2987.133,127.0.0.1,1351,5d24abd8-2e75-45b2-9e2f-83642bde07b2,raut,326,3,4,16,15,5,4,12,14,1,15,1,8,2,15,6,14,12,10,5,4,10,7,6,9,296,MXD1_1528457107_3,18,6,1,2,58,46,74,48,55,43,2,48,27,52,52,23,28
10797,02 Aug 2018 - 03:40:06 EDT,02 Aug 2018 - 03:55:27 EDT,0h 15m 21s,0h 15m 19s,1533195606,1533196527,2,5,,Terminate,1,"Mozilla/5.0 (Windows NT 10.0; WOW64) AppleWebKit/537.36 (KHTML, like Gecko) Chrome/57.0.2987.133 Safari/537.36",Windows 10.0,Chrome 57.0.2987.133,127.0.0.1,1351,5d24abd8-2e75-45b2-9e2f-83642bde07b2,reab,327,11,6,10,13,9,10,2,3,9,4,1,7,2,8,1,11,12,9,1,6,7,4,2,4,297,MXD1_1528457107_3,20,8,1,3,134,116,91,59,71,91,22,32,62,46,70,29,84
10798,02 Aug 2018 - 04:00:48 EDT,02 Aug 2018 - 04:08:41 EDT,0h 7m 53s,0h 7m 53s,1533196848,1533197321,2,5,,Terminate,1,"Mozilla/5.0 (Windows NT 10.0; WOW64) AppleWebKit/537.36 (KHTML, like Gecko) Chrome/57.0.2987.133 Safari/537.36",Windows 10.0,Chrome 57.0.2987.133,127.0.0.1,1351,5d24abd8-2e75-45b2-9e2f-83642bde07b2,motr,311,16,7,3,13,16,9,3,11,1,10,2,7,1,9,7,10,3,12,16,11,5,9,5,13,298,MXD1_1528457107_3,21,1,2,2,42,35,37,27,21,30,14,52,35,50,44,28,53
10799,02 Aug 2018 - 04:19:48 EDT,02 Aug 2018 - 04:25:00 EDT,0h 5m 12s,0h 5m 10s,1533197988,1533198300,2,5,,Terminate,1,"Mozilla/5.0 (Windows NT 10.0; WOW64) AppleWebKit/537.36 (KHTML, like Gecko) Chrome/57.0.2987.133 Safari/537.36",Windows 10.0,Chrome 57.0.2987.133,127.0.0.1,1351,5d24abd8-2e75-45b2-9e2f-83642bde07b2,modk,117,5,2,6,10,7,15,11,7,4,13,1,9,16,13,11,4,11,9,3,6,1,14,14,4,299,MXD1_1528457107_3,549,2,1,1,69,16,16,30,32,22,3,20,37,19,11,9,22
10800,07 Aug 2018 - 02:21:22 EDT,07 Aug 2018 - 02:28:18 EDT,0h 6m 56s,0h 6m 54s,1533622882,1533623298,2,5,,Terminate,1,"Mozilla/5.0 (Windows NT 10.0; WOW64) AppleWebKit/537.36 (KHTML, like Gecko) Chrome/57.0.2987.133 Safari/537.36",Windows 10.0,Chrome 57.0.2987.133,127.0.0.1,912,5d24abd8-2e75-45b2-9e2f-83642bde07b2,tshi,143,7,16,14,12,3,10,5,11,1,10,7,12,1,15,9,16,15,10,5,4,11,1,7,2,300,MXD1_1528457107_3,13,9,1,1,39,28,45,29,27,15,26,24,74,29,18,26,23
10801,07 Aug 2018 - 03:05:33 EDT,07 Aug 2018 - 03:16:57 EDT,0h 11m 24s,0h 11m 20s,1533625533,1533626217,2,5,,Terminate,1,"Mozilla/5.0 (Windows NT 10.0; WOW64) AppleWebKit/537.36 (KHTML, like Gecko) Chrome/57.0.2987.133 Safari/537.36",Windows 10.0,Chrome 57.0.2987.133,127.0.0.1,1351,5d24abd8-2e75-45b2-9e2f-83642bde07b2,khon,164,7,6,14,3,14,4,12,3,5,2,12,5,16,3,16,9,10,9,12,7,4,13,6,15,1,MXD1_1528457107_3,181,36,18,21,64,95,129,39,64,40,5,27,40,28,29,21,24
10802,07 Aug 2018 - 03:28:54 EDT,07 Aug 2018 - 03:36:34 EDT,0h 7m 40s,0h 7m 37s,1533626934,1533627394,2,5,,Terminate,1,"Mozilla/5.0 (Windows NT 10.0; WOW64) AppleWebKit/537.36 (KHTML, like Gecko) Chrome/57.0.2987.133 Safari/537.36",Windows 10.0,Chrome 57.0.2987.133,127.0.0.1,1351,5d24abd8-2e75-45b2-9e2f-83642bde07b2,ratb,165,16,12,3,12,5,14,1,11,10,4,13,15,3,8,16,4,14,11,16,13,3,5,5,12,2,MXD1_1528457107_3,312,31,23,19,84,38,37,25,34,32,6,23,22,21,23,13,26
10803,07 Aug 2018 - 03:50:00 EDT,07 Aug 2018 - 04:04:18 EDT,0h 14m 18s,0h 14m 14s,1533628200,1533629058,2,5,,Terminate,1,"Mozilla/5.0 (Windows NT 10.0; WOW64) AppleWebKit/537.36 (KHTML, like Gecko) Chrome/57.0.2987.133 Safari/537.36",Windows 10.0,Chrome 57.0.2987.133,127.0.0.1,1351,5d24abd8-2e75-45b2-9e2f-83642bde07b2,mokk,166,5,13,1,9,1,13,16,10,3,11,11,9,14,8,12,4,14,6,3,13,12,7,16,7,3,MXD1_1528457107_3,16,33,21,26,88,51,77,41,69,89,3,78,53,41,55,54,75
10804,07 Aug 2018 - 04:14:20 EDT,07 Aug 2018 - 04:21:16 EDT,0h 6m 56s,0h 7m 9s,1533629660,1533630076,2,5,,Terminate,1,"Mozilla/5.0 (Windows NT 10.0; WOW64) AppleWebKit/537.36 (KHTML, like Gecko) Chrome/57.0.2987.133 Safari/537.36",Windows 10.0,Chrome 57.0.2987.133,127.0.0.1,1351,5d24abd8-2e75-45b2-9e2f-83642bde07b2,barr,133,1,8,3,7,1,11,3,7,10,13,5,12,15,12,5,4,14,13,1,12,2,4,6,4,4,MXD1_1528457107_3,313,6,2,1,79,43,16,29,25,15,11,33,22,31,20,47,32
10805,07 Aug 2018 - 04:22:04 EDT,07 Aug 2018 - 04:41:07 EDT,0h 19m 3s,0h 19m 0s,1533630124,1533631267,2,5,,Terminate,1,"Mozilla/5.0 (Windows NT 10.0; WOW64) AppleWebKit/537.36 (KHTML, like Gecko) Chrome/57.0.2987.133 Safari/537.36",Windows 10.0,Chrome 57.0.2987.133,127.0.0.1,1351,5d24abd8-2e75-45b2-9e2f-83642bde07b2,albo,167,6,10,3,2,7,12,1,4,3,2,5,11,5,2,1,15,3,4,16,12,1,10,7,11,5,MXD1_1528457107_3,28,62,23,35,225,83,47,134,87,121,3,54,70,55,46,43,52
10806,07 Aug 2018 - 04:43:04 EDT,07 Aug 2018 - 04:57:05 EDT,0h 14m 1s,0h 14m 0s,1533631384,1533632225,2,5,,Terminate,1,"Mozilla/5.0 (Windows NT 10.0; WOW64) AppleWebKit/537.36 (KHTML, like Gecko) Chrome/57.0.2987.133 Safari/537.36",Windows 10.0,Chrome 57.0.2987.133,127.0.0.1,1351,5d24abd8-2e75-45b2-9e2f-83642bde07b2,nton,168,3,15,1,11,5,11,5,8,3,11,2,10,16,9,15,8,16,13,1,2,1,12,16,4,6,MXD1_1528457107_3,18,64,20,25,159,67,78,61,47,67,3,63,44,45,61,17,19
10807,08 Aug 2018 - 03:55:35 EDT,08 Aug 2018 - 04:05:29 EDT,0h 9m 54s,0h 9m 54s,1533714935,1533715529,2,5,,Terminate,1,"Mozilla/5.0 (Windows NT 10.0; WOW64) AppleWebKit/537.36 (KHTML, like Gecko) Chrome/57.0.2987.133 Safari/537.36",Windows 10.0,Chrome 57.0.2987.133,127.0.0.1,1351,5d24abd8-2e75-45b2-9e2f-83642bde07b2,nteb,313,12,7,15,6,14,3,15,11,3,11,9,5,9,11,15,8,14,13,12,13,2,16,2,7,7,MXD1_1528457107_3,23,4,1,1,26,45,61,40,77,94,15,37,65,25,18,39,46
10808,09 Aug 2018 - 02:22:43 EDT,09 Aug 2018 - 02:39:37 EDT,0h 16m 54s,0h 16m 49s,1533795763,1533796777,2,5,,Terminate,1,"Mozilla/5.0 (Windows NT 10.0; WOW64) AppleWebKit/537.36 (KHTML, like Gecko) Chrome/57.0.2987.133 Safari/537.36",Windows 10.0,Chrome 57.0.2987.133,127.0.0.1,1351,5d24abd8-2e75-45b2-9e2f-83642bde07b2,phog,169,5,2,16,4,7,15,7,9,5,9,11,12,3,8,16,13,16,9,3,12,11,14,2,12,8,MXD1_1528457107_3,25,42,22,37,144,89,123,57,66,66,3,96,72,49,33,47,63
10809,09 Aug 2018 - 02:51:57 EDT,09 Aug 2018 - 02:53:23 EDT,0h 1m 26s,0h 1m 26s,1533797517,1533797603,2,2,,Intro2,1,"Mozilla/5.0 (Windows NT 10.0; WOW64) AppleWebKit/537.36 (KHTML, like Gecko) Chrome/57.0.2987.133 Safari/537.36",Windows 10.0,Chrome 57.0.2987.133,127.0.0.1,1368,5d24abd8-2e75-45b2-9e2f-83642bde07b2,ditm,143,,,,,,,,,,,,,,,,,,,,,,,,,9,MXD1_1528457107_3,11,7,1,4,72,,,,,,,,,,,,
10810,09 Aug 2018 - 02:53:46 EDT,09 Aug 2018 - 03:16:55 EDT,0h 23m 9s,0h 34m 6s,1533797626,1533799015,2,5,,Terminate,1,"Mozilla/5.0 (Windows NT 10.0; WOW64) AppleWebKit/537.36 (KHTML, like Gecko) Chrome/57.0.2987.133 Safari/537.36",Windows 10.0,Chrome 57.0.2987.133,127.0.0.1,1351,5d24abd8-2e75-45b2-9e2f-83642bde07b2,ditm,141,7,2,3,4,5,15,16,11,16,3,16,9,14,2,14,12,7,9,5,4,12,10,3,4,10,MXD1_1528457107_3,21,2,2,1,109,380,320,38,88,116,15,95,70,43,39,39,29
10811,14 Aug 2018 - 10:00:00 EDT,14 Aug 2018 - 10:09:43 EDT,0h 9m 43s,0h 9m 41s,1534255200,1534255783,2,5,,Terminate,1,"Mozilla/5.0 (Windows NT 10.0; WOW64) AppleWebKit/537.36 (KHTML, like Gecko) Chrome/57.0.2987.133 Safari/537.36",Windows 10.0,Chrome 57.0.2987.133,127.0.0.1,1351,5d24abd8-2e75-45b2-9e2f-83642bde07b2,matk,148,7,11,3,2,7,4,8,3,12,3,1,4,1,6,1,2,12,2,12,6,14,6,14,11,11,MXD1_1528457107_3,46,30,2,1,73,54,32,98,42,27,8,67,31,18,26,35,37
10812,17 Aug 2018 - 03:47:58 EDT,17 Aug 2018 - 03:58:26 EDT,0h 10m 28s,0h 10m 27s,1534492078,1534492706,2,5,,Terminate,1,"Mozilla/5.0 (Windows NT 10.0; WOW64) AppleWebKit/537.36 (KHTML, like Gecko) Chrome/57.0.2987.133 Safari/537.36",Windows 10.0,Chrome 57.0.2987.133,127.0.0.1,1351,5d24abd8-2e75-45b2-9e2f-83642bde07b2,phog,169,16,13,3,10,12,13,12,11,5,14,2,11,3,13,16,7,3,11,7,9,7,10,16,12,12,MXD1_1528457107_3,13,7,1,2,76,83,21,31,63,34,7,74,44,54,62,40,28
10813,17 Aug 2018 - 04:01:52 EDT,17 Aug 2018 - 04:07:18 EDT,0h 5m 26s,0h 5m 25s,1534492912,1534493238,2,5,,Terminate,1,"Mozilla/5.0 (Windows NT 10.0; WOW64) AppleWebKit/537.36 (KHTML, like Gecko) Chrome/57.0.2987.133 Safari/537.36",Windows 10.0,Chrome 57.0.2987.133,127.0.0.1,1351,5d24abd8-2e75-45b2-9e2f-83642bde07b2,masb,163,1,14,6,4,12,3,6,11,10,11,12,4,16,4,1,5,2,14,16,13,16,11,2,13,13,MXD1_1528457107_3,40,2,1,2,65,27,32,15,23,24,3,22,31,28,13,18,19
21354,18 Jun 2018 - 03:44:33 EDT,18 Jun 2018 - 03:49:11 EDT,0h 4m 38s,0h 4m 38s,1529307873,1529308151,2,2,,MXD_3,1,"Mozilla/5.0 (Windows NT 10.0; WOW64) AppleWebKit/537.36 (KHTML, like Gecko) Chrome/57.0.2987.133 Safari/537.36",Windows 10.0,Chrome 57.0.2987.133,127.0.0.1,1351,04bc7493-9594-42f4-b75e-7e29446b4c06,molo,201,3,10,1,12,,,,,,,,,,,,,,,,,,,,,54,MXD1_1528457107_3,19,70,23,28,111,46,,,,,,,,,,,
21355,18 Jun 2018 - 03:51:00 EDT,18 Jun 2018 - 03:56:04 EDT,0h 5m 4s,0h 5m 0s,1529308260,1529308564,2,5,,Terminate,1,"Mozilla/5.0 (Windows NT 10.0; WOW64) AppleWebKit/537.36 (KHTML, like Gecko) Chrome/57.0.2987.133 Safari/537.36",Windows 10.0,Chrome 57.0.2987.133,127.0.0.1,1351,04bc7493-9594-42f4-b75e-7e29446b4c06,molo,201,1,10,16,12,5,4,1,13,2,13,14,12,16,8,1,6,5,15,2,8,2,8,11,4,55,MXD1_1528457107_3,12,1,3,2,26,22,16,16,20,28,7,15,24,33,31,22,34
21356,18 Jun 2018 - 04:32:23 EDT,18 Jun 2018 - 04:47:24 EDT,0h 15m 1s,0h 15m 58s,1529310743,1529311644,2,5,,Terminate,1,"Mozilla/5.0 (Windows NT 10.0; WOW64) AppleWebKit/537.36 (KHTML, like Gecko) Chrome/57.0.2987.133 Safari/537.36",Windows 10.0,Chrome 57.0.2987.133,127.0.0.1,1351,04bc7493-9594-42f4-b75e-7e29446b4c06,kato,202,12,11,9,13,16,8,16,13,14,13,3,8,12,10,14,4,16,4,15,8,7,11,5,2,56,MXD1_1528457107_3,22,63,28,50,97,132,40,44,40,44,8,56,67,51,49,24,107
21357,18 Jun 2018 - 06:03:27 EDT,18 Jun 2018 - 06:14:19 EDT,0h 10m 52s,0h 10m 48s,1529316207,1529316859,2,5,,Terminate,1,"Mozilla/5.0 (Windows NT 10.0; WOW64) AppleWebKit/537.36 (KHTML, like Gecko) Chrome/57.0.2987.133 Safari/537.36",Windows 10.0,Chrome 57.0.2987.133,127.0.0.1,1351,04bc7493-9594-42f4-b75e-7e29446b4c06,mahl,203,1,14,13,4,1,4,1,4,6,9,7,11,14,11,7,13,3,9,15,6,3,14,5,12,57,MXD1_1528457107_3,16,44,21,43,45,61,43,22,66,94,3,30,24,35,41,53,23
21358,20 Jun 2018 - 02:31:57 EDT,20 Jun 2018 - 02:55:58 EDT,0h 24m 1s,0h 23m 58s,1529476317,1529477758,2,5,,Terminate,1,"Mozilla/5.0 (Windows NT 10.0; WOW64) AppleWebKit/537.36 (KHTML, like Gecko) Chrome/57.0.2987.133 Safari/537.36",Windows 10.0,Chrome 57.0.2987.133,127.0.0.1,1351,04bc7493-9594-42f4-b75e-7e29446b4c06,masn,101,16,10,1,15,12,8,16,15,2,9,12,14,6,13,2,4,7,10,6,5,12,11,16,14,58,MXD1_1528457107_3,496,67,28,42,328,73,95,158,96,137,4,57,71,91,71,62,58
21359,21 Jun 2018 - 02:19:21 EDT,21 Jun 2018 - 02:31:36 EDT,0h 12m 15s,0h 12m 14s,1529561961,1529562696,2,5,,Terminate,1,"Mozilla/5.0 (Windows NT 10.0; WOW64) AppleWebKit/537.36 (KHTML, like Gecko) Chrome/57.0.2987.133 Safari/537.36",Windows 10.0,Chrome 57.0.2987.133,127.0.0.1,1351,04bc7493-9594-42f4-b75e-7e29446b4c06,diso,102,10,5,15,9,16,11,16,2,12,10,9,4,12,4,16,9,12,5,14,3,15,8,1,3,59,MXD1_1528457107_3,601,46,24,35,102,67,25,78,57,60,6,40,34,42,41,32,45
21360,21 Jun 2018 - 03:11:52 EDT,21 Jun 2018 - 03:24:58 EDT,0h 13m 6s,0h 13m 5s,1529565112,1529565898,2,5,,Terminate,1,"Mozilla/5.0 (Windows NT 10.0; WOW64) AppleWebKit/537.36 (KHTML, like Gecko) Chrome/57.0.2987.133 Safari/537.36",Windows 10.0,Chrome 57.0.2987.133,127.0.0.1,1351,04bc7493-9594-42f4-b75e-7e29446b4c06,basg,103,10,4,5,6,8,11,16,1,10,13,3,4,14,11,8,9,12,9,5,9,16,13,14,8,60,MXD1_1528457107_3,16,39,20,26,81,57,40,159,40,31,8,53,44,55,41,31,60
21361,21 Jun 2018 - 04:24:36 EDT,21 Jun 2018 - 04:34:25 EDT,0h 9m 49s,0h 9m 47s,1529569476,1529570065,2,5,,Terminate,1,"Mozilla/5.0 (Windows NT 10.0; WOW64) AppleWebKit/537.36 (KHTML, like Gecko) Chrome/57.0.2987.133 Safari/537.36",Windows 10.0,Chrome 57.0.2987.133,127.0.0.1,1351,04bc7493-9594-42f4-b75e-7e29446b4c06,Kgas,104,1,4,6,4,1,14,5,8,13,4,1,10,15,10,3,11,5,8,12,7,13,6,15,9,61,MXD1_1528457107_3,29,49,20,23,60,42,48,55,41,28,3,45,36,37,28,35,37
21362,21 Jun 2018 - 04:53:36 EDT,21 Jun 2018 - 05:04:29 EDT,0h 10m 53s,0h 10m 51s,1529571216,1529571869,2,5,,Terminate,1,"Mozilla/5.0 (Windows NT 10.0; WOW64) AppleWebKit/537.36 (KHTML, like Gecko) Chrome/57.0.2987.133 Safari/537.36",Windows 10.0,Chrome 57.0.2987.133,127.0.0.1,1351,04bc7493-9594-42f4-b75e-7e29446b4c06,kagk,105,3,14,1,2,15,8,3,13,5,4,15,6,1,6,1,4,7,11,16,6,7,13,5,4,62,MXD1_1528457107_3,18,38,26,25,88,38,74,37,48,59,7,32,31,38,43,27,40
21363,25 Jun 2018 - 03:38:25 EDT,25 Jun 2018 - 03:48:40 EDT,0h 10m 15s,0h 10m 10s,1529912305,1529912920,2,5,,Terminate,1,"Mozilla/5.0 (Windows NT 10.0; WOW64) AppleWebKit/537.36 (KHTML, like Gecko) Chrome/57.0.2987.133 Safari/537.36",Windows 10.0,Chrome 57.0.2987.133,127.0.0.1,1351,04bc7493-9594-42f4-b75e-7e29446b4c06,basl,204,7,4,16,10,7,15,2,11,9,13,6,3,10,3,1,11,14,4,6,8,2,4,6,12,63,MXD1_1528457107_3,19,40,24,27,63,72,34,38,37,38,17,52,31,42,32,30,33
21364,25 Jun 2018 - 04:58:34 EDT,25 Jun 2018 - 05:09:14 EDT,0h 10m 40s,0h 10m 39s,1529917114,1529917754,2,5,,Terminate,1,"Mozilla/5.0 (Windows NT 10.0; WOW64) AppleWebKit/537.36 (KHTML, like Gecko) Chrome/57.0.2987.133 Safari/537.36",Windows 10.0,Chrome 57.0.2987.133,127.0.0.1,1351,04bc7493-9594-42f4-b75e-7e29446b4c06,pamk,205,9,11,16,13,3,6,7,4,1,9,14,4,10,14,10,4,16,15,1,15,7,6,9,15,64,MXD1_1528457107_3,17,45,25,33,96,48,39,49,52,29,8,40,32,51,25,23,44
21365,27 Jun 2018 - 02:25:26 EDT,27 Jun 2018 - 02:47:10 EDT,0h 21m 44s,0h 21m 44s,1530080726,1530082030,2,5,,Terminate,1,"Mozilla/5.0 (Windows NT 10.0; WOW64) AppleWebKit/537.36 (KHTML, like Gecko) Chrome/57.0.2987.133 Safari/537.36",Windows 10.0,Chrome 57.0.2987.133,127.0.0.1,1351,04bc7493-9594-42f4-b75e-7e29446b4c06,mojs,106,14,10,3,2,5,2,12,13,11,9,16,7,5,2,12,7,14,6,1,3,16,7,1,9,65,MXD1_1528457107_3,21,42,24,33,290,155,141,83,78,159,7,49,48,62,50,49,34
21366,27 Jun 2018 - 03:42:51 EDT,27 Jun 2018 - 03:57:37 EDT,0h 14m 46s,0h 14m 43s,1530085371,1530086257,2,5,,Terminate,1,"Mozilla/5.0 (Windows NT 10.0; WOW64) AppleWebKit/537.36 (KHTML, like Gecko) Chrome/57.0.2987.133 Safari/537.36",Windows 10.0,Chrome 57.0.2987.133,127.0.0.1,1351,04bc7493-9594-42f4-b75e-7e29446b4c06,gonr,107,12,1,1,10,12,5,14,6,12,15,4,7,1,5,3,5,7,11,15,3,14,16,16,6,66,MXD1_1528457107_3,74,68,36,26,171,63,59,29,25,144,2,85,29,78,28,23,17
21367,27 Jun 2018 - 04:17:21 EDT,27 Jun 2018 - 04:28:53 EDT,0h 11m 32s,0h 11m 31s,1530087441,1530088133,2,5,,Terminate,1,"Mozilla/5.0 (Windows NT 10.0; WOW64) AppleWebKit/537.36 (KHTML, like Gecko) Chrome/57.0.2987.133 Safari/537.36",Windows 10.0,Chrome 57.0.2987.133,127.0.0.1,1351,04bc7493-9594-42f4-b75e-7e29446b4c06,mott,108,3,4,1,10,14,11,16,4,10,6,3,8,1,11,15,6,16,4,5,15,14,7,16,3,67,MXD1_1528457107_3,27,42,19,24,50,52,51,32,100,33,7,23,43,50,62,33,70
21368,28 Jun 2018 - 02:22:54 EDT,28 Jun 2018 - 02:37:45 EDT,0h 14m 51s,0h 14m 47s,1530166974,1530167865,2,5,,Terminate,1,"Mozilla/5.0 (Windows NT 10.0; WOW64) AppleWebKit/537.36 (KHTML, like Gecko) Chrome/57.0.2987.133 Safari/537.36",Windows 10.0,Chrome 57.0.2987.133,127.0.0.1,1351,04bc7493-9594-42f4-b75e-7e29446b4c06,letk,109,16,11,8,11,2,3,1,9,8,2,1,4,5,2,10,11,16,7,1,7,16,9,10,4,68,MXD1_1528457107_3,267,39,24,23,65,97,118,61,137,30,3,64,38,75,36,32,45
21369,28 Jun 2018 - 02:56:25 EDT,28 Jun 2018 - 03:09:42 EDT,0h 13m 17s,0h 13m 13s,1530168985,1530169782,2,5,,Terminate,1,"Mozilla/5.0 (Windows NT 10.0; WOW64) AppleWebKit/537.36 (KHTML, like Gecko) Chrome/57.0.2987.133 Safari/537.36",Windows 10.0,Chrome 57.0.2987.133,127.0.0.1,1351,04bc7493-9594-42f4-b75e-7e29446b4c06,serc,110,11,8,5,8,3,7,10,2,10,13,3,13,5,6,16,8,5,12,6,13,1,2,16,11,69,MXD1_1528457107_3,18,42,24,28,120,58,77,41,40,22,5,93,40,44,56,68,35
21370,28 Jun 2018 - 03:42:30 EDT,28 Jun 2018 - 03:53:37 EDT,0h 11m 7s,0h 11m 4s,1530171750,1530172417,2,5,,Terminate,1,"Mozilla/5.0 (Windows NT 10.0; WOW64) AppleWebKit/537.36 (KHTML, like Gecko) Chrome/57.0.2987.133 Safari/537.36",Windows 10.0,Chrome 57.0.2987.133,127.0.0.1,1351,04bc7493-9594-42f4-b75e-7e29446b4c06,morn,111,1,10,3,11,16,2,5,10,1,14,13,9,13,15,15,4,9,4,12,10,16,2,3,14,70,MXD1_1528457107_3,42,39,19,22,71,121,49,42,29,32,6,38,67,42,37,28,22
21371,28 Jun 2018 - 04:06:07 EDT,28 Jun 2018 - 04:31:31 EDT,0h 25m 24s,0h 25m 23s,1530173167,1530174691,2,5,,Terminate,1,"Mozilla/5.0 (Windows NT 10.0; WOW64) AppleWebKit/537.36 (KHTML, like Gecko) Chrome/57.0.2987.133 Safari/537.36",Windows 10.0,Chrome 57.0.2987.133,127.0.0.1,1351,04bc7493-9594-42f4-b75e-7e29446b4c06,ramo,112,9,13,1,6,9,16,12,11,15,2,5,10,14,9,14,11,7,2,12,2,1,6,5,4,71,MXD1_1528457107_3,132,63,26,35,209,50,66,32,177,132,8,322,78,61,90,88,86
21372,28 Jun 2018 - 04:48:15 EDT,28 Jun 2018 - 04:59:11 EDT,0h 10m 56s,0h 10m 55s,1530175695,1530176351,2,5,,Terminate,1,"Mozilla/5.0 (Windows NT 10.0; WOW64) AppleWebKit/537.36 (KHTML, like Gecko) Chrome/57.0.2987.133 Safari/537.36",Windows 10.0,Chrome 57.0.2987.133,127.0.0.1,1351,04bc7493-9594-42f4-b75e-7e29446b4c06,nken,113,2,5,1,15,10,16,3,13,4,12,3,12,9,12,4,13,10,13,4,15,10,2,9,11,72,MXD1_1528457107_3,14,60,22,25,111,38,70,38,56,31,8,23,32,32,35,41,33
21373,28 Jun 2018 - 05:12:02 EDT,28 Jun 2018 - 05:25:58 EDT,0h 13m 56s,0h 13m 56s,1530177122,1530177958,2,5,,Terminate,1,"Mozilla/5.0 (Windows NT 10.0; WOW64) AppleWebKit/537.36 (KHTML, like Gecko) Chrome/57.0.2987.133 Safari/537.36",Windows 10.0,Chrome 57.0.2987.133,127.0.0.1,1351,04bc7493-9594-42f4-b75e-7e29446b4c06,galk,114,14,6,1,4,16,10,12,6,5,2,16,4,14,5,12,4,15,9,16,11,14,13,15,11,73,MXD1_1528457107_3,15,41,26,70,129,80,106,51,71,26,6,59,22,53,21,48,27
21374,28 Jun 2018 - 05:41:47 EDT,28 Jun 2018 - 06:08:16 EDT,0h 26m 29s,0h 26m 24s,1530178907,1530180496,2,5,,Terminate,1,"Mozilla/5.0 (Windows NT 10.0; WOW64) AppleWebKit/537.36 (KHTML, like Gecko) Chrome/57.0.2987.133 Safari/537.36",Windows 10.0,Chrome 57.0.2987.133,127.0.0.1,1351,04bc7493-9594-42f4-b75e-7e29446b4c06,frag,115,1,6,1,11,3,13,7,6,1,2,16,12,11,8,4,11,16,9,4,12,3,9,3,2,74,MXD1_1528457107_3,12,45,26,31,215,59,63,46,104,185,4,163,183,82,140,77,161
21377,03 Jul 2018 - 03:53:48 EDT,03 Jul 2018 - 04:03:38 EDT,0h 9m 50s,0h 9m 44s,1530604428,1530605018,2,5,,Terminate,1,"Mozilla/5.0 (Windows NT 10.0; WOW64) AppleWebKit/537.36 (KHTML, like Gecko) Chrome/57.0.2987.133 Safari/537.36",Windows 10.0,Chrome 57.0.2987.133,127.0.0.1,1351,04bc7493-9594-42f4-b75e-7e29446b4c06,Magt,301,14,11,2,11,7,8,1,3,16,4,15,5,2,10,16,3,12,4,1,6,7,10,16,11,77,MXD1_1528457107_3,413,38,24,25,76,43,61,43,33,53,1,33,53,31,24,28,18
21378,03 Jul 2018 - 04:42:57 EDT,03 Jul 2018 - 05:12:15 EDT,0h 29m 18s,0h 29m 15s,1530607377,1530609135,2,5,,Terminate,1,"Mozilla/5.0 (Windows NT 10.0; WOW64) AppleWebKit/537.36 (KHTML, like Gecko) Chrome/57.0.2987.133 Safari/537.36",Windows 10.0,Chrome 57.0.2987.133,127.0.0.1,1351,04bc7493-9594-42f4-b75e-7e29446b4c06,ntst,302,3,11,5,10,16,13,3,12,14,12,1,16,3,2,1,13,1,10,5,11,7,11,16,6,78,MXD1_1528457107_3,18,43,25,28,314,461,72,82,208,62,1,137,50,110,55,61,46
21379,03 Jul 2018 - 05:25:36 EDT,03 Jul 2018 - 05:46:22 EDT,0h 20m 46s,0h 20m 42s,1530609936,1530611182,2,5,,Terminate,1,"Mozilla/5.0 (Windows NT 10.0; WOW64) AppleWebKit/537.36 (KHTML, like Gecko) Chrome/57.0.2987.133 Safari/537.36",Windows 10.0,Chrome 57.0.2987.133,127.0.0.1,1351,04bc7493-9594-42f4-b75e-7e29446b4c06,sisb,303,16,5,3,5,3,11,12,10,16,10,3,6,1,6,7,5,12,6,7,12,11,2,1,9,79,MXD1_1528457107_3,394,40,23,29,258,104,49,68,61,186,2,74,81,47,68,105,47
21380,03 Jul 2018 - 06:09:41 EDT,03 Jul 2018 - 06:18:50 EDT,0h 9m 9s,0h 9m 5s,1530612581,1530613130,2,5,,Terminate,1,"Mozilla/5.0 (Windows NT 10.0; WOW64) AppleWebKit/537.36 (KHTML, like Gecko) Chrome/57.0.2987.133 Safari/537.36",Windows 10.0,Chrome 57.0.2987.133,127.0.0.1,1351,04bc7493-9594-42f4-b75e-7e29446b4c06,tsht,304,10,11,2,4,1,6,5,9,12,15,2,9,1,13,1,13,16,14,12,6,10,4,16,4,80,MXD1_1528457107_3,153,39,22,27,65,41,24,37,51,43,2,34,23,41,35,31,30
21381,03 Jul 2018 - 06:29:30 EDT,03 Jul 2018 - 06:45:34 EDT,0h 16m 4s,0h 16m 0s,1530613770,1530614734,2,5,,Terminate,1,"Mozilla/5.0 (Windows NT 10.0; WOW64) AppleWebKit/537.36 (KHTML, like Gecko) Chrome/57.0.2987.133 Safari/537.36",Windows 10.0,Chrome 57.0.2987.133,127.0.0.1,1351,04bc7493-9594-42f4-b75e-7e29446b4c06,chag,305,14,8,1,6,1,11,9,6,16,4,16,3,7,4,16,2,7,13,2,11,12,3,15,11,81,MXD1_1528457107_3,11,35,18,26,113,106,40,105,36,118,4,35,47,40,41,157,39
21382,03 Jul 2018 - 07:11:30 EDT,03 Jul 2018 - 07:22:52 EDT,0h 11m 22s,0h 11m 21s,1530616290,1530616972,2,5,,Terminate,1,"Mozilla/5.0 (Windows NT 10.0; WOW64) AppleWebKit/537.36 (KHTML, like Gecko) Chrome/57.0.2987.133 Safari/537.36",Windows 10.0,Chrome 57.0.2987.133,127.0.0.1,1351,04bc7493-9594-42f4-b75e-7e29446b4c06,davp,306,16,7,3,8,1,11,12,8,15,6,14,10,2,10,1,9,16,7,16,11,12,9,3,11,82,MXD1_1528457107_3,348,41,23,28,85,48,37,83,52,54,6,42,59,44,16,35,28
21383,04 Jul 2018 - 02:22:56 EDT,04 Jul 2018 - 02:35:21 EDT,0h 12m 25s,0h 12m 23s,1530685376,1530686121,2,5,,Terminate,1,"Mozilla/5.0 (Windows NT 10.0; WOW64) AppleWebKit/537.36 (KHTML, like Gecko) Chrome/57.0.2987.133 Safari/537.36",Windows 10.0,Chrome 57.0.2987.133,127.0.0.1,1351,04bc7493-9594-42f4-b75e-7e29446b4c06,makn,116,11,7,16,2,3,5,7,13,10,4,3,4,1,10,5,4,1,9,16,9,1,10,16,9,83,MXD1_1528457107_3,33,36,19,36,133,78,59,68,44,34,8,38,46,33,36,29,46
21384,04 Jul 2018 - 02:58:54 EDT,04 Jul 2018 - 03:06:35 EDT,0h 7m 41s,0h 7m 38s,1530687534,1530687995,2,5,,Terminate,1,"Mozilla/5.0 (Windows NT 10.0; WOW64) AppleWebKit/537.36 (KHTML, like Gecko) Chrome/57.0.2987.133 Safari/537.36",Windows 10.0,Chrome 57.0.2987.133,127.0.0.1,1351,04bc7493-9594-42f4-b75e-7e29446b4c06,modk,117,16,4,1,13,11,13,3,4,12,14,12,2,16,2,5,13,3,15,12,8,11,5,1,4,84,MXD1_1528457107_3,14,39,20,22,71,30,28,26,21,33,4,34,25,23,31,24,27
21385,04 Jul 2018 - 03:26:06 EDT,04 Jul 2018 - 03:39:45 EDT,0h 13m 39s,0h 13m 36s,1530689166,1530689985,2,5,,Terminate,1,"Mozilla/5.0 (Windows NT 10.0; WOW64) AppleWebKit/537.36 (KHTML, like Gecko) Chrome/57.0.2987.133 Safari/537.36",Windows 10.0,Chrome 57.0.2987.133,127.0.0.1,1351,04bc7493-9594-42f4-b75e-7e29446b4c06,ramk,118,13,15,9,10,5,11,7,2,14,7,16,12,3,4,2,4,1,11,5,2,1,15,13,10,85,MXD1_1528457107_3,17,40,24,30,127,47,112,53,87,49,6,49,32,28,55,41,36
21386,04 Jul 2018 - 03:50:06 EDT,04 Jul 2018 - 04:12:09 EDT,0h 22m 3s,0h 22m 2s,1530690606,1530691929,2,5,,Terminate,1,"Mozilla/5.0 (Windows NT 10.0; WOW64) AppleWebKit/537.36 (KHTML, like Gecko) Chrome/57.0.2987.133 Safari/537.36",Windows 10.0,Chrome 57.0.2987.133,127.0.0.1,1351,04bc7493-9594-42f4-b75e-7e29446b4c06,leim,119,2,13,2,3,8,13,1,15,11,4,10,14,16,9,1,11,14,5,16,5,1,5,12,15,86,MXD1_1528457107_3,148,249,15,3,240,163,104,88,57,270,7,23,14,26,26,16,21
21387,10 Jul 2018 - 03:01:21 EDT,10 Jul 2018 - 03:15:40 EDT,0h 14m 19s,0h 14m 19s,1531206081,1531206940,2,5,,Terminate,1,"Mozilla/5.0 (Windows NT 10.0; WOW64) AppleWebKit/537.36 (KHTML, like Gecko) Chrome/57.0.2987.133 Safari/537.36",Windows 10.0,Chrome 57.0.2987.133,127.0.0.1,1351,04bc7493-9594-42f4-b75e-7e29446b4c06,kesb,125,7,13,4,11,3,6,7,6,1,8,3,11,14,11,12,10,12,5,16,15,3,13,4,13,87,MXD1_1528457107_3,18,45,37,26,116,55,87,35,52,23,3,39,151,65,59,44,22
21388,10 Jul 2018 - 03:18:07 EDT,10 Jul 2018 - 03:53:22 EDT,0h 35m 15s,0h 35m 12s,1531207087,1531209202,2,5,,Terminate,1,"Mozilla/5.0 (Windows NT 10.0; WOW64) AppleWebKit/537.36 (KHTML, like Gecko) Chrome/57.0.2987.133 Safari/537.36",Windows 10.0,Chrome 57.0.2987.133,127.0.0.1,1351,04bc7493-9594-42f4-b75e-7e29446b4c06,baak,126,16,3,12,11,1,7,1,9,12,13,10,4,5,11,16,14,2,4,15,11,1,13,15,4,88,MXD1_1528457107_3,39,29,9,2,127,88,192,110,156,510,31,75,174,177,117,208,107
21389,10 Jul 2018 - 03:54:58 EDT,10 Jul 2018 - 04:11:48 EDT,0h 16m 50s,0h 16m 49s,1531209298,1531210308,2,5,,Terminate,1,"Mozilla/5.0 (Windows NT 10.0; WOW64) AppleWebKit/537.36 (KHTML, like Gecko) Chrome/57.0.2987.133 Safari/537.36",Windows 10.0,Chrome 57.0.2987.133,127.0.0.1,1351,04bc7493-9594-42f4-b75e-7e29446b4c06,kein,127,16,8,1,7,2,7,14,10,14,10,3,11,16,1,14,15,9,6,1,11,3,7,16,10,89,MXD1_1528457107_3,69,39,26,26,199,79,65,146,66,90,2,35,69,49,30,50,38
21390,10 Jul 2018 - 04:21:52 EDT,10 Jul 2018 - 04:37:05 EDT,0h 15m 13s,0h 15m 12s,1531210912,1531211825,2,5,,Terminate,1,"Mozilla/5.0 (Windows NT 10.0; WOW64) AppleWebKit/537.36 (KHTML, like Gecko) Chrome/57.0.2987.133 Safari/537.36",Windows 10.0,Chrome 57.0.2987.133,127.0.0.1,1351,04bc7493-9594-42f4-b75e-7e29446b4c06,lydm,129,14,11,16,11,9,11,16,8,15,5,15,4,14,9,15,4,16,7,1,6,1,12,12,6,90,MXD1_1528457107_3,126,41,28,31,147,140,112,128,29,50,4,23,16,27,22,21,93
21391,11 Jul 2018 - 02:52:22 EDT,11 Jul 2018 - 03:00:12 EDT,0h 7m 50s,0h 7m 48s,1531291942,1531292412,2,5,,Terminate,1,"Mozilla/5.0 (Windows NT 10.0; WOW64) AppleWebKit/537.36 (KHTML, like Gecko) Chrome/57.0.2987.133 Safari/537.36",Windows 10.0,Chrome 57.0.2987.133,127.0.0.1,1351,04bc7493-9594-42f4-b75e-7e29446b4c06,basg,103,8,9,14,1,3,4,14,12,13,5,15,4,3,9,3,11,15,11,15,11,14,8,12,9,91,MXD1_1528457107_3,25,8,2,1,92,46,15,27,21,21,10,22,25,93,17,28,40
21392,11 Jul 2018 - 04:19:35 EDT,11 Jul 2018 - 04:35:17 EDT,0h 15m 42s,0h 19m 1s,1531297175,1531298117,2,5,,Terminate,1,"Mozilla/5.0 (Windows NT 10.0; WOW64) AppleWebKit/537.36 (KHTML, like Gecko) Chrome/57.0.2987.133 Safari/537.36",Windows 10.0,Chrome 57.0.2987.133,127.0.0.1,1351,04bc7493-9594-42f4-b75e-7e29446b4c06,neol,134,10,11,14,3,15,12,6,10,12,6,2,10,1,2,3,14,7,11,7,9,15,5,14,7,92,MXD1_1528457107_3,40,90,36,67,84,99,85,61,49,107,2,48,61,26,46,40,37
21393,11 Jul 2018 - 05:09:14 EDT,11 Jul 2018 - 05:28:29 EDT,0h 19m 15s,0h 19m 13s,1531300154,1531301309,2,5,,Terminate,1,"Mozilla/5.0 (Windows NT 10.0; WOW64) AppleWebKit/537.36 (KHTML, like Gecko) Chrome/57.0.2987.133 Safari/537.36",Windows 10.0,Chrome 57.0.2987.133,127.0.0.1,1351,04bc7493-9594-42f4-b75e-7e29446b4c06,nomk,135,7,2,5,2,16,9,3,9,16,12,1,6,16,6,10,11,12,7,3,15,9,11,1,4,93,MXD1_1528457107_3,15,37,22,29,121,140,129,51,96,86,5,53,49,180,50,54,51
21394,12 Jul 2018 - 02:40:49 EDT,12 Jul 2018 - 03:02:36 EDT,0h 21m 47s,0h 21m 46s,1531377649,1531378956,2,5,,Terminate,1,"Mozilla/5.0 (Windows NT 10.0; WOW64) AppleWebKit/537.36 (KHTML, like Gecko) Chrome/57.0.2987.133 Safari/537.36",Windows 10.0,Chrome 57.0.2987.133,127.0.0.1,1351,04bc7493-9594-42f4-b75e-7e29446b4c06,oram,136,6,4,1,15,3,13,12,6,2,4,11,9,8,10,1,7,2,7,6,12,14,3,2,3,94,MXD1_1528457107_3,17,85,24,23,288,144,90,84,39,87,13,100,90,41,110,38,50
21397,19 Jul 2018 - 04:25:57 EDT,19 Jul 2018 - 04:32:47 EDT,0h 6m 50s,0h 6m 46s,1531988757,1531989167,2,5,,Terminate,1,"Mozilla/5.0 (Windows NT 10.0; WOW64) AppleWebKit/537.36 (KHTML, like Gecko) Chrome/57.0.2987.133 Safari/537.36",Windows 10.0,Chrome 57.0.2987.133,127.0.0.1,1351,04bc7493-9594-42f4-b75e-7e29446b4c06,tsht,304,14,4,12,13,15,8,16,4,16,8,10,4,3,10,1,14,2,14,1,6,2,6,12,11,95,MXD1_1528457107_3,13,2,1,1,41,40,34,30,47,25,2,39,47,21,11,14,51
21398,23 Jul 2018 - 04:53:37 EDT,23 Jul 2018 - 04:59:14 EDT,0h 5m 37s,0h 5m 35s,1532336017,1532336354,2,5,,Terminate,1,"Mozilla/5.0 (Windows NT 10.0; WOW64) AppleWebKit/537.36 (KHTML, like Gecko) Chrome/57.0.2987.133 Safari/537.36",Windows 10.0,Chrome 57.0.2987.133,127.0.0.1,1351,04bc7493-9594-42f4-b75e-7e29446b4c06,molo,201,5,8,7,9,3,4,13,4,1,11,1,4,16,8,1,15,12,14,6,15,16,11,3,12,96,MXD1_1528457107_3,26,12,4,5,35,54,25,27,22,17,5,31,17,19,32,14,16
21399,23 Jul 2018 - 05:14:23 EDT,23 Jul 2018 - 05:25:22 EDT,0h 10m 59s,0h 10m 54s,1532337263,1532337922,2,5,,Terminate,1,"Mozilla/5.0 (Windows NT 10.0; WOW64) AppleWebKit/537.36 (KHTML, like Gecko) Chrome/57.0.2987.133 Safari/537.36",Windows 10.0,Chrome 57.0.2987.133,127.0.0.1,1351,04bc7493-9594-42f4-b75e-7e29446b4c06,samn,309,5,11,8,4,9,7,8,15,16,15,9,5,8,3,1,3,10,11,1,11,9,2,5,7,97,MXD1_1528457107_3,37,73,1,1,68,58,57,53,54,37,2,45,50,39,27,40,49
21400,24 Jul 2018 - 03:12:17 EDT,24 Jul 2018 - 03:27:28 EDT,0h 15m 11s,0h 15m 7s,1532416337,1532417248,2,5,,Terminate,1,"Mozilla/5.0 (Windows NT 10.0; WOW64) AppleWebKit/537.36 (KHTML, like Gecko) Chrome/57.0.2987.133 Safari/537.36",Windows 10.0,Chrome 57.0.2987.133,127.0.0.1,1351,04bc7493-9594-42f4-b75e-7e29446b4c06,mmek,140,1,15,9,13,1,13,7,4,5,8,7,2,3,11,15,13,11,4,16,14,4,2,16,10,98,MXD1_1528457107_3,17,45,22,28,154,90,47,52,84,69,8,53,69,45,41,55,45
21401,24 Jul 2018 - 03:35:24 EDT,24 Jul 2018 - 04:05:09 EDT,0h 29m 45s,0h 31m 32s,1532417724,1532419509,2,5,,Terminate,1,"Mozilla/5.0 (Windows NT 10.0; WOW64) AppleWebKit/537.36 (KHTML, like Gecko) Chrome/57.0.2987.133 Safari/537.36",Windows 10.0,Chrome 57.0.2987.133,127.0.0.1,1351,04bc7493-9594-42f4-b75e-7e29446b4c06,ditm,141,7,6,11,9,10,12,3,13,7,10,11,2,1,9,5,9,3,15,1,10,5,15,14,2,99,MXD1_1528457107_3,21,100,19,24,197,194,121,231,136,371,7,43,57,116,31,82,55
21402,24 Jul 2018 - 04:38:13 EDT,24 Jul 2018 - 04:46:42 EDT,0h 8m 29s,0h 8m 28s,1532421493,1532422002,2,5,,Terminate,1,"Mozilla/5.0 (Windows NT 10.0; WOW64) AppleWebKit/537.36 (KHTML, like Gecko) Chrome/57.0.2987.133 Safari/537.36",Windows 10.0,Chrome 57.0.2987.133,127.0.0.1,1351,04bc7493-9594-42f4-b75e-7e29446b4c06,matk,122,1,6,3,11,5,2,9,10,8,9,4,11,9,12,3,5,3,14,7,12,1,4,5,11,100,MXD1_1528457107_3,1808,15,2,2,83,30,56,27,64,35,5,23,50,34,36,23,23
21403,24 Jul 2018 - 06:43:10 EDT,24 Jul 2018 - 06:47:38 EDT,0h 4m 28s,0h 4m 28s,1532428990,1532429258,2,5,,Terminate,1,"Mozilla/5.0 (Windows NT 10.0; WOW64) AppleWebKit/537.36 (KHTML, like Gecko) Chrome/57.0.2987.133 Safari/537.36",Windows 10.0,Chrome 57.0.2987.133,127.0.0.1,1351,04bc7493-9594-42f4-b75e-7e29446b4c06,nken,113,2,14,5,14,4,14,5,16,3,15,5,13,11,6,10,16,3,15,10,13,13,10,9,12,101,MXD1_1528457107_3,21,8,1,2,58,18,22,16,14,14,9,25,28,17,11,10,15
21404,24 Jul 2018 - 08:06:07 EDT,24 Jul 2018 - 08:13:16 EDT,0h 7m 9s,0h 7m 6s,1532433967,1532434396,2,5,,Terminate,1,"Mozilla/5.0 (Windows NT 10.0; WOW64) AppleWebKit/537.36 (KHTML, like Gecko) Chrome/57.0.2987.133 Safari/537.36",Windows 10.0,Chrome 57.0.2987.133,127.0.0.1,1351,04bc7493-9594-42f4-b75e-7e29446b4c06,diso,102,9,2,11,3,1,7,16,6,14,4,1,11,15,8,3,5,3,4,12,5,16,9,15,11,102,MXD1_1528457107_3,17,7,1,1,84,65,29,27,26,19,2,25,23,24,54,20,19
21405,25 Jul 2018 - 01:19:35 EDT,25 Jul 2018 - 01:37:08 EDT,0h 17m 33s,0h 19m 31s,1532495975,1532497028,2,5,,Terminate,1,"Mozilla/5.0 (Windows NT 10.0; WOW64) AppleWebKit/537.36 (KHTML, like Gecko) Chrome/57.0.2987.133 Safari/537.36",Windows 10.0,Chrome 57.0.2987.133,127.0.0.1,1351,04bc7493-9594-42f4-b75e-7e29446b4c06,ntst,302,14,11,1,12,5,6,12,11,5,10,1,7,12,13,16,11,5,9,2,13,1,7,16,9,103,MXD1_1528457107_3,19,45,22,27,98,72,65,168,57,70,8,69,62,71,86,67,62
21406,25 Jul 2018 - 02:22:57 EDT,25 Jul 2018 - 02:31:47 EDT,0h 8m 50s,0h 8m 45s,1532499777,1532500307,2,5,,Terminate,1,"Mozilla/5.0 (Windows NT 10.0; WOW64) AppleWebKit/537.36 (KHTML, like Gecko) Chrome/57.0.2987.133 Safari/537.36",Windows 10.0,Chrome 57.0.2987.133,127.0.0.1,1351,04bc7493-9594-42f4-b75e-7e29446b4c06,ontg,307,9,6,1,10,3,9,4,13,12,16,7,12,10,15,11,5,1,10,6,13,12,9,16,7,104,MXD1_1528457107_3,44,23,2,1,58,31,39,42,45,55,8,36,35,31,59,32,28
21407,25 Jul 2018 - 02:44:33 EDT,25 Jul 2018 - 03:01:10 EDT,0h 16m 37s,0h 16m 35s,1532501073,1532502070,2,5,,Terminate,1,"Mozilla/5.0 (Windows NT 10.0; WOW64) AppleWebKit/537.36 (KHTML, like Gecko) Chrome/57.0.2987.133 Safari/537.36",Windows 10.0,Chrome 57.0.2987.133,127.0.0.1,1351,04bc7493-9594-42f4-b75e-7e29446b4c06,nteb,314,1,6,1,13,10,13,5,8,7,9,16,4,5,11,3,6,5,8,10,6,1,14,3,2,105,MXD1_1528457107_3,17,68,34,48,94,146,145,68,65,104,3,34,29,43,45,36,33
21408,30 Jul 2018 - 04:10:28 EDT,30 Jul 2018 - 04:28:34 EDT,0h 18m 6s,0h 18m 2s,1532938228,1532939314,2,5,,Terminate,1,"Mozilla/5.0 (Windows NT 10.0; WOW64) AppleWebKit/537.36 (KHTML, like Gecko) Chrome/57.0.2987.133 Safari/537.36",Windows 10.0,Chrome 57.0.2987.133,127.0.0.1,1351,04bc7493-9594-42f4-b75e-7e29446b4c06,mogd,149,1,9,3,11,16,14,7,6,7,14,1,13,7,11,16,2,16,6,3,2,11,9,4,5,106,MXD1_1528457107_3,21,96,4,70,171,128,37,63,84,130,2,71,55,29,45,45,52
21409,30 Jul 2018 - 04:37:35 EDT,30 Jul 2018 - 04:49:36 EDT,0h 12m 1s,0h 11m 58s,1532939855,1532940576,2,5,,Terminate,1,"Mozilla/5.0 (Windows NT 10.0; WOW64) AppleWebKit/537.36 (KHTML, like Gecko) Chrome/57.0.2987.133 Safari/537.36",Windows 10.0,Chrome 57.0.2987.133,127.0.0.1,1351,04bc7493-9594-42f4-b75e-7e29446b4c06,seib,151,12,4,7,13,16,13,1,11,7,5,16,1,2,8,14,5,1,14,14,15,7,11,15,13,107,MXD1_1528457107_3,41,61,16,30,130,91,65,47,34,45,6,55,34,30,23,23,28
21410,30 Jul 2018 - 05:17:26 EDT,30 Jul 2018 - 05:31:22 EDT,0h 13m 56s,0h 13m 51s,1532942246,1532943082,2,5,,Terminate,1,"Mozilla/5.0 (Windows NT 10.0; WOW64) AppleWebKit/537.36 (KHTML, like Gecko) Chrome/57.0.2987.133 Safari/537.36",Windows 10.0,Chrome 57.0.2987.133,127.0.0.1,1351,04bc7493-9594-42f4-b75e-7e29446b4c06,luft,153,8,13,3,13,1,9,8,4,16,15,8,12,1,15,3,11,1,11,3,4,2,9,16,5,108,MXD1_1528457107_3,12,37,19,22,192,72,37,84,53,40,8,41,36,29,63,45,53
21411,31 Jul 2018 - 02:53:57 EDT,31 Jul 2018 - 03:04:44 EDT,0h 10m 47s,0h 10m 45s,1533020037,1533020684,2,5,,Terminate,1,"Mozilla/5.0 (Windows NT 10.0; WOW64) AppleWebKit/537.36 (KHTML, like Gecko) Chrome/57.0.2987.133 Safari/537.36",Windows 10.0,Chrome 57.0.2987.133,127.0.0.1,1351,04bc7493-9594-42f4-b75e-7e29446b4c06,ndem,155,3,7,1,10,15,9,2,9,1,4,15,8,2,4,12,4,2,7,3,9,1,8,5,8,109,MXD1_1528457107_3,26,44,24,27,68,62,51,68,37,64,17,55,36,24,22,26,20
21412,31 Jul 2018 - 06:07:18 EDT,31 Jul 2018 - 06:19:28 EDT,0h 12m 10s,0h 12m 9s,1533031638,1533032368,2,5,,Terminate,1,"Mozilla/5.0 (Windows NT 10.0; WOW64) AppleWebKit/537.36 (KHTML, like Gecko) Chrome/57.0.2987.133 Safari/537.36",Windows 10.0,Chrome 57.0.2987.133,127.0.0.1,1351,04bc7493-9594-42f4-b75e-7e29446b4c06,enak,160,7,15,12,11,7,11,14,5,15,11,1,5,6,10,12,13,13,10,3,14,7,13,1,16,110,MXD1_1528457107_3,14,39,28,23,99,126,62,57,30,34,5,81,29,42,32,19,23
21413,31 Jul 2018 - 07:42:23 EDT,31 Jul 2018 - 07:47:26 EDT,0h 5m 3s,0h 5m 1s,1533037343,1533037646,2,5,,Terminate,1,"Mozilla/5.0 (Windows NT 10.0; WOW64) AppleWebKit/537.36 (KHTML, like Gecko) Chrome/57.0.2987.133 Safari/537.36",Windows 10.0,Chrome 57.0.2987.133,127.0.0.1,1351,04bc7493-9594-42f4-b75e-7e29446b4c06,joho,123,16,4,2,6,2,11,16,8,10,6,16,11,1,8,1,4,10,6,1,9,13,4,2,13,111,MXD1_1528457107_3,17,4,1,2,36,37,14,19,30,15,3,17,19,25,16,27,36
21414,01 Aug 2018 - 02:21:54 EDT,01 Aug 2018 - 02:23:29 EDT,0h 1m 35s,0h 1m 33s,1533104514,1533104609,2,2,,MXD_1,1,"Mozilla/5.0 (Windows NT 10.0; WOW64) AppleWebKit/537.36 (KHTML, like Gecko) Chrome/57.0.2987.133 Safari/537.36",Windows 10.0,Chrome 57.0.2987.133,127.0.0.1,1368,04bc7493-9594-42f4-b75e-7e29446b4c06,oeml,161,,,,,,,,,,,,,,,,,,,,,,,,,112,MXD1_1528457107_3,18,40,26,27,,,,,,,,,,,,,
21415,01 Aug 2018 - 02:32:03 EDT,01 Aug 2018 - 03:06:14 EDT,0h 34m 11s,0h 39m 27s,1533105123,1533107174,2,5,,Terminate,1,"Mozilla/5.0 (Windows NT 10.0; WOW64) AppleWebKit/537.36 (KHTML, like Gecko) Chrome/57.0.2987.133 Safari/537.36",Windows 10.0,Chrome 57.0.2987.133,127.0.0.1,1351,04bc7493-9594-42f4-b75e-7e29446b4c06,oeml,161,16,14,2,11,7,5,9,5,15,2,7,9,14,13,15,4,12,13,14,4,10,2,16,3,113,MXD1_1528457107_3,25,2,2,1,178,187,206,91,214,316,1,123,247,128,178,94,82
21416,01 Aug 2018 - 03:21:08 EDT,01 Aug 2018 - 03:34:40 EDT,0h 13m 32s,0h 14m 29s,1533108068,1533108880,2,5,,Terminate,1,"Mozilla/5.0 (Windows NT 10.0; WOW64) AppleWebKit/537.36 (KHTML, like Gecko) Chrome/57.0.2987.133 Safari/537.36",Windows 10.0,Chrome 57.0.2987.133,127.0.0.1,1351,04bc7493-9594-42f4-b75e-7e29446b4c06,theb,162,2,12,7,14,15,14,5,4,3,12,15,13,3,2,7,13,7,14,16,10,2,5,3,16,114,MXD1_1528457107_3,174,38,30,28,102,61,80,93,37,75,5,24,48,39,53,53,46
21417,01 Aug 2018 - 04:12:38 EDT,01 Aug 2018 - 04:23:33 EDT,0h 10m 55s,0h 10m 53s,1533111158,1533111813,2,5,,Terminate,1,"Mozilla/5.0 (Windows NT 10.0; WOW64) AppleWebKit/537.36 (KHTML, like Gecko) Chrome/57.0.2987.133 Safari/537.36",Windows 10.0,Chrome 57.0.2987.133,127.0.0.1,1351,04bc7493-9594-42f4-b75e-7e29446b4c06,masb,163,10,13,1,4,16,13,1,8,12,15,10,9,12,9,5,14,6,4,16,15,6,8,7,4,115,MXD1_1528457107_3,12,41,22,23,92,42,43,32,61,71,6,39,39,36,49,27,30
21418,01 Aug 2018 - 05:57:50 EDT,01 Aug 2018 - 06:09:51 EDT,0h 12m 1s,0h 11m 58s,1533117470,1533118191,2,5,,Terminate,1,"Mozilla/5.0 (Windows NT 10.0; WOW64) AppleWebKit/537.36 (KHTML, like Gecko) Chrome/57.0.2987.133 Safari/537.36",Windows 10.0,Chrome 57.0.2987.133,127.0.0.1,1351,04bc7493-9594-42f4-b75e-7e29446b4c06,molo,136,2,13,16,6,15,3,11,6,14,8,2,4,4,11,15,8,1,5,1,3,3,12,7,13,116,MXD1_1528457107_3,13,3,1,2,127,42,26,49,59,42,6,57,43,33,24,32,172
21419,07 Aug 2018 - 03:31:51 EDT,07 Aug 2018 - 03:45:44 EDT,0h 13m 53s,0h 13m 49s,1533627111,1533627944,2,5,,Terminate,1,"Mozilla/5.0 (Windows NT 10.0; WOW64) AppleWebKit/537.36 (KHTML, like Gecko) Chrome/57.0.2987.133 Safari/537.36",Windows 10.0,Chrome 57.0.2987.133,127.0.0.1,1351,04bc7493-9594-42f4-b75e-7e29446b4c06,tlhn,328,12,1,16,5,14,13,7,6,16,3,12,1,11,15,2,16,12,2,14,2,11,10,15,13,117,MXD1_1528457107_3,20,2,2,2,132,236,85,32,40,38,17,34,45,35,43,38,48
21420,07 Aug 2018 - 03:50:01 EDT,07 Aug 2018 - 03:57:27 EDT,0h 7m 26s,0h 7m 24s,1533628201,1533628647,2,5,,Terminate,1,"Mozilla/5.0 (Windows NT 10.0; WOW64) AppleWebKit/537.36 (KHTML, like Gecko) Chrome/57.0.2987.133 Safari/537.36",Windows 10.0,Chrome 57.0.2987.133,127.0.0.1,1351,04bc7493-9594-42f4-b75e-7e29446b4c06,mphb,329,15,5,6,13,7,15,16,4,9,5,5,3,16,2,1,11,10,8,6,4,16,13,12,14,118,MXD1_1528457107_3,26,4,3,1,61,33,75,38,38,44,14,25,24,27,19,16,22
21421,07 Aug 2018 - 04:06:17 EDT,07 Aug 2018 - 04:14:47 EDT,0h 8m 30s,0h 8m 27s,1533629177,1533629687,2,5,,Terminate,1,"Mozilla/5.0 (Windows NT 10.0; WOW64) AppleWebKit/537.36 (KHTML, like Gecko) Chrome/57.0.2987.133 Safari/537.36",Windows 10.0,Chrome 57.0.2987.133,127.0.0.1,1351,04bc7493-9594-42f4-b75e-7e29446b4c06,lekk,330,5,6,7,14,14,6,7,16,10,13,6,3,8,7,16,13,4,12,5,1,16,15,12,2,119,MXD1_1528457107_3,233,152,2,5,77,25,20,29,30,28,10,33,26,16,16,16,22
21422,07 Aug 2018 - 05:10:45 EDT,07 Aug 2018 - 05:22:10 EDT,0h 11m 25s,0h 11m 22s,1533633045,1533633730,2,5,,Terminate,1,"Mozilla/5.0 (Windows NT 10.0; WOW64) AppleWebKit/537.36 (KHTML, like Gecko) Chrome/57.0.2987.133 Safari/537.36",Windows 10.0,Chrome 57.0.2987.133,127.0.0.1,1351,04bc7493-9594-42f4-b75e-7e29446b4c06,monk,331,10,8,9,11,16,5,1,13,1,8,1,9,16,13,15,14,10,5,16,10,14,3,3,12,120,MXD1_1528457107_3,24,1,2,1,127,79,93,36,45,52,8,44,60,28,28,32,46
21423,07 Aug 2018 - 06:03:04 EDT,07 Aug 2018 - 06:18:08 EDT,0h 15m 4s,0h 15m 1s,1533636184,1533637088,2,5,,Terminate,1,"Mozilla/5.0 (Windows NT 10.0; WOW64) AppleWebKit/537.36 (KHTML, like Gecko) Chrome/57.0.2987.133 Safari/537.36",Windows 10.0,Chrome 57.0.2987.133,127.0.0.1,1351,04bc7493-9594-42f4-b75e-7e29446b4c06,makl,332,7,6,16,13,1,6,4,15,1,4,9,5,10,3,7,2,3,2,16,3,7,5,15,2,121,MXD1_1528457107_3,15,4,1,2,144,60,60,73,44,82,3,104,115,67,37,32,73
21424,07 Aug 2018 - 06:25:32 EDT,07 Aug 2018 - 06:39:14 EDT,0h 13m 42s,0h 13m 38s,1533637532,1533638354,2,5,,Terminate,1,"Mozilla/5.0 (Windows NT 10.0; WOW64) AppleWebKit/537.36 (KHTML, like Gecko) Chrome/57.0.2987.133 Safari/537.36",Windows 10.0,Chrome 57.0.2987.133,127.0.0.1,1351,04bc7493-9594-42f4-b75e-7e29446b4c06,nthi,333,16,10,5,4,7,8,11,8,1,9,12,9,12,11,10,6,5,15,16,12,1,5,1,15,122,MXD1_1528457107_3,15,36,31,22,134,77,71,50,45,71,25,57,31,41,46,29,52
21425,07 Aug 2018 - 07:15:07 EDT,07 Aug 2018 - 07:31:43 EDT,0h 16m 36s,0h 16m 33s,1533640507,1533641503,2,5,,Terminate,1,"Mozilla/5.0 (Windows NT 10.0; WOW64) AppleWebKit/537.36 (KHTML, like Gecko) Chrome/57.0.2987.133 Safari/537.36",Windows 10.0,Chrome 57.0.2987.133,127.0.0.1,1351,04bc7493-9594-42f4-b75e-7e29446b4c06,macr,334,3,8,3,7,10,2,1,5,12,4,1,14,1,15,10,9,11,5,11,2,15,4,3,4,123,MXD1_1528457107_3,32,54,45,48,119,170,63,97,58,44,40,40,77,46,42,27,23
21426,07 Aug 2018 - 07:40:12 EDT,07 Aug 2018 - 07:56:40 EDT,0h 16m 28s,0h 16m 26s,1533642012,1533643000,2,5,,Terminate,1,"Mozilla/5.0 (Windows NT 10.0; WOW64) AppleWebKit/537.36 (KHTML, like Gecko) Chrome/57.0.2987.133 Safari/537.36",Windows 10.0,Chrome 57.0.2987.133,127.0.0.1,1351,04bc7493-9594-42f4-b75e-7e29446b4c06,kerk,335,1,10,3,12,6,5,13,4,13,9,16,14,5,12,3,15,16,11,7,14,6,4,6,12,124,MXD1_1528457107_3,332,131,33,31,256,53,73,78,73,36,2,60,31,34,38,30,27
21427,08 Aug 2018 - 02:41:19 EDT,08 Aug 2018 - 02:56:27 EDT,0h 15m 8s,0h 15m 5s,1533710479,1533711387,2,5,,Terminate,1,"Mozilla/5.0 (Windows NT 10.0; WOW64) AppleWebKit/537.36 (KHTML, like Gecko) Chrome/57.0.2987.133 Safari/537.36",Windows 10.0,Chrome 57.0.2987.133,127.0.0.1,1351,04bc7493-9594-42f4-b75e-7e29446b4c06,ramt,336,12,4,12,8,15,4,16,15,12,15,1,5,6,4,6,14,1,11,1,7,3,9,2,5,125,MXD1_1528457107_3,22,39,21,27,164,74,92,73,32,35,21,72,67,60,24,47,57
21428,08 Aug 2018 - 03:03:28 EDT,08 Aug 2018 - 03:10:00 EDT,0h 6m 32s,0h 6m 29s,1533711808,1533712200,2,5,,Terminate,1,"Mozilla/5.0 (Windows NT 10.0; WOW64) AppleWebKit/537.36 (KHTML, like Gecko) Chrome/57.0.2987.133 Safari/537.36",Windows 10.0,Chrome 57.0.2987.133,127.0.0.1,1351,04bc7493-9594-42f4-b75e-7e29446b4c06,baml,315,1,3,10,4,1,12,16,7,1,4,3,2,5,16,12,2,5,7,2,11,7,9,16,3,126,MXD1_1528457107_3,17,2,1,1,39,48,25,26,23,33,16,29,32,38,31,29,16
21429,08 Aug 2018 - 03:11:27 EDT,08 Aug 2018 - 03:25:53 EDT,0h 14m 26s,0h 14m 24s,1533712287,1533713153,2,5,,Terminate,1,"Mozilla/5.0 (Windows NT 10.0; WOW64) AppleWebKit/537.36 (KHTML, like Gecko) Chrome/57.0.2987.133 Safari/537.36",Windows 10.0,Chrome 57.0.2987.133,127.0.0.1,1351,04bc7493-9594-42f4-b75e-7e29446b4c06,thoo,337,7,11,13,7,2,15,7,12,5,10,10,14,2,16,15,9,6,9,10,11,13,9,3,12,127,MXD1_1528457107_3,34,1,1,1,168,137,83,42,55,35,5,120,38,112,15,36,15
21430,08 Aug 2018 - 03:54:05 EDT,08 Aug 2018 - 04:05:26 EDT,0h 11m 21s,0h 11m 19s,1533714845,1533715526,2,5,,Terminate,1,"Mozilla/5.0 (Windows NT 10.0; WOW64) AppleWebKit/537.36 (KHTML, like Gecko) Chrome/57.0.2987.133 Safari/537.36",Windows 10.0,Chrome 57.0.2987.133,127.0.0.1,1351,04bc7493-9594-42f4-b75e-7e29446b4c06,nteb,314,3,6,16,12,10,4,1,13,1,8,1,10,15,6,5,6,16,11,15,4,3,12,5,11,128,MXD1_1528457107_3,29,2,1,1,98,66,75,46,50,38,3,92,38,15,64,68,22
21431,08 Aug 2018 - 05:03:47 EDT,08 Aug 2018 - 05:18:08 EDT,0h 14m 21s,0h 14m 58s,1533719027,1533719888,2,5,,Terminate,1,"Mozilla/5.0 (Windows NT 10.0; WOW64) AppleWebKit/537.36 (KHTML, like Gecko) Chrome/57.0.2987.133 Safari/537.36",Windows 10.0,Chrome 57.0.2987.133,127.0.0.1,1351,04bc7493-9594-42f4-b75e-7e29446b4c06,mpob,318,5,15,2,4,9,14,16,2,15,7,16,13,9,3,3,8,1,8,10,7,3,15,14,11,129,MXD1_1528457107_3,30,2,2,1,73,54,66,45,31,32,11,36,58,31,44,34,340
21432,14 Aug 2018 - 03:14:53 EDT,14 Aug 2018 - 03:28:22 EDT,0h 13m 29s,0h 13m 28s,1534230893,1534231702,2,5,,Terminate,1,"Mozilla/5.0 (Windows NT 10.0; WOW64) AppleWebKit/537.36 (KHTML, like Gecko) Chrome/57.0.2987.133 Safari/537.36",Windows 10.0,Chrome 57.0.2987.133,127.0.0.1,1351,04bc7493-9594-42f4-b75e-7e29446b4c06,luft,153,1,12,12,15,2,10,16,13,16,5,3,2,1,5,10,11,1,5,8,15,16,3,8,13,130,MXD1_1528457107_3,21,7,1,1,147,42,115,57,72,40,18,73,52,36,78,37,32
21433,14 Aug 2018 - 05:06:44 EDT,14 Aug 2018 - 05:31:08 EDT,0h 24m 24s,0h 24m 23s,1534237604,1534239068,2,5,,Terminate,1,"Mozilla/5.0 (Windows NT 10.0; WOW64) AppleWebKit/537.36 (KHTML, like Gecko) Chrome/57.0.2987.133 Safari/537.36",Windows 10.0,Chrome 57.0.2987.133,127.0.0.1,1351,04bc7493-9594-42f4-b75e-7e29446b4c06,dubn,150,1,6,16,10,7,11,3,6,1,10,7,3,9,4,16,11,7,12,3,11,4,15,10,9,131,MXD1_1528457107_3,23,8,1,2,118,171,182,80,49,107,4,211,147,88,90,113,92
21434,14 Aug 2018 - 07:07:27 EDT,14 Aug 2018 - 07:18:49 EDT,0h 11m 22s,0h 11m 22s,1534244847,1534245529,2,5,,Terminate,1,"Mozilla/5.0 (Windows NT 10.0; WOW64) AppleWebKit/537.36 (KHTML, like Gecko) Chrome/57.0.2987.133 Safari/537.36",Windows 10.0,Chrome 57.0.2987.133,127.0.0.1,1351,04bc7493-9594-42f4-b75e-7e29446b4c06,motk,139,14,6,3,10,12,11,16,10,7,4,1,4,16,8,12,4,14,15,16,11,1,13,3,7,132,MXD1_1528457107_3,34,91,20,25,65,58,81,30,85,24,31,22,19,34,20,43,34
21435,14 Aug 2018 - 07:39:48 EDT,14 Aug 2018 - 07:47:48 EDT,0h 8m 0s,0h 7m 59s,1534246788,1534247268,2,5,,Terminate,1,"Mozilla/5.0 (Windows NT 10.0; WOW64) AppleWebKit/537.36 (KHTML, like Gecko) Chrome/57.0.2987.133 Safari/537.36",Windows 10.0,Chrome 57.0.2987.133,127.0.0.1,1351,04bc7493-9594-42f4-b75e-7e29446b4c06,teng,157,3,4,5,16,5,11,14,4,3,7,3,8,14,2,10,11,13,4,10,16,1,12,1,16,133,MXD1_1528457107_3,22,5,2,1,62,77,29,27,32,26,5,42,39,40,43,35,14
21436,14 Aug 2018 - 08:13:33 EDT,14 Aug 2018 - 08:15:28 EDT,0h 1m 55s,0h 1m 54s,1534248813,1534248928,2,2,,MXD_2,1,"Mozilla/5.0 (Windows NT 10.0; WOW64) AppleWebKit/537.36 (KHTML, like Gecko) Chrome/57.0.2987.133 Safari/537.36",Windows 10.0,Chrome 57.0.2987.133,127.0.0.1,1351,04bc7493-9594-42f4-b75e-7e29446b4c06,pulm,156,15,11,,,,,,,,,,,,,,,,,,,,,,,134,MXD1_1528457107_3,30,69,1,2,42,,,,,,,,,,,,
21437,14 Aug 2018 - 08:16:13 EDT,14 Aug 2018 - 08:21:48 EDT,0h 5m 35s,0h 5m 32s,1534248973,1534249308,2,5,,Terminate,1,"Mozilla/5.0 (Windows NT 10.0; WOW64) AppleWebKit/537.36 (KHTML, like Gecko) Chrome/57.0.2987.133 Safari/537.36",Windows 10.0,Chrome 57.0.2987.133,127.0.0.1,1351,04bc7493-9594-42f4-b75e-7e29446b4c06,ndem,155,2,6,1,4,15,8,16,4,1,6,14,9,12,4,5,11,3,10,3,12,3,7,6,8,135,MXD1_1528457107_3,13,1,1,1,49,17,17,33,26,26,7,26,27,34,25,22,20
21438,14 Aug 2018 - 09:02:35 EDT,14 Aug 2018 - 09:11:03 EDT,0h 8m 28s,0h 8m 25s,1534251755,1534252263,2,5,,Terminate,1,"Mozilla/5.0 (Windows NT 10.0; WOW64) AppleWebKit/537.36 (KHTML, like Gecko) Chrome/57.0.2987.133 Safari/537.36",Windows 10.0,Chrome 57.0.2987.133,127.0.0.1,1351,04bc7493-9594-42f4-b75e-7e29446b4c06,mocg,144,3,6,5,4,3,8,8,13,1,4,16,11,5,13,10,15,16,13,8,14,1,3,16,15,136,MXD1_1528457107_3,57,7,1,2,52,38,38,36,56,28,3,40,56,32,31,28,57
21439,14 Aug 2018 - 09:28:42 EDT,14 Aug 2018 - 09:44:42 EDT,0h 16m 0s,0h 15m 57s,1534253322,1534254282,2,5,,Terminate,1,"Mozilla/5.0 (Windows NT 10.0; WOW64) AppleWebKit/537.36 (KHTML, like Gecko) Chrome/57.0.2987.133 Safari/537.36",Windows 10.0,Chrome 57.0.2987.133,127.0.0.1,1351,04bc7493-9594-42f4-b75e-7e29446b4c06,enak,160,3,14,12,10,16,5,12,6,1,11,9,11,3,13,16,1,1,5,16,15,15,13,14,5,137,MXD1_1528457107_3,44,9,1,1,132,67,62,65,37,79,2,91,68,98,40,150,55
21440,14 Aug 2018 - 09:46:34 EDT,14 Aug 2018 - 10:00:42 EDT,0h 14m 8s,0h 14m 6s,1534254394,1534255242,2,5,,Terminate,1,"Mozilla/5.0 (Windows NT 10.0; WOW64) AppleWebKit/537.36 (KHTML, like Gecko) Chrome/57.0.2987.133 Safari/537.36",Windows 10.0,Chrome 57.0.2987.133,127.0.0.1,1351,04bc7493-9594-42f4-b75e-7e29446b4c06,sebp,147,10,1,15,9,10,2,9,14,3,10,1,14,11,16,12,9,11,7,14,6,15,1,7,13,138,MXD1_1528457107_3,25,12,1,2,90,94,79,93,57,59,5,58,38,64,45,77,72
21441,17 Aug 2018 - 03:46:37 EDT,17 Aug 2018 - 03:57:42 EDT,0h 11m 5s,0h 11m 4s,1534491997,1534492662,2,5,,Terminate,1,"Mozilla/5.0 (Windows NT 10.0; WOW64) AppleWebKit/537.36 (KHTML, like Gecko) Chrome/57.0.2987.133 Safari/537.36",Windows 10.0,Chrome 57.0.2987.133,127.0.0.1,1351,04bc7493-9594-42f4-b75e-7e29446b4c06,alb,167,1,10,5,15,16,10,1,12,3,9,5,9,15,12,16,12,7,6,5,8,16,1,14,10,139,MXD1_1528457107_3,265,4,2,2,91,109,40,27,55,40,10,68,35,48,52,29,52
